Age,2000,2001,2002,2003,2004,2005,2006,2007,2008,2009,2010,2011,2012,2013,2014,2015,2016,2017,2018,2019,2020,2021,2022,2023,2024,2025,2026,2027,2028,2029,2030,2031,2032,2033,2034,2035,2036,2037,2038,2039,2040,2041,2042,2043,2044,2045,2046,2047,2048,2049,2050,2051,2052,2053,2054,2055,2056,2057,2058,2059,2060,2061,2062,2063,2064,2065,2066,2067,2068,2069,2070,2071,2072,2073,2074,2075,2076,2077,2078,2079,2080,2081,2082,2083,2084,2085,2086,2087,2088,2089,2090,2091,2092,2093,2094,2095,2096,2097,2098,2099,2100,2101,2102,2103,2104,2105,2106,2107,2108,2109,2110,2111,2112,2113,2114,2115,2116,2117,2118,2119,2120,2121,2122,2123,2124,2125,2126,2127,2128,2129,2130,2131,2132,2133,2134,2135,2136,2137,2138,2139,2140,2141,2142,2143,2144,2145,2146
50,1.00707575,0.99289703,0.977765172,0.960964258,0.942122731,0.921913393,0.900964032,0.880078045,0.859828305,0.840868815,0.824331332,0.810832871,0.800698666,0.793519675,0.788835515,0.786227744,0.784667678,0.783689941,0.782856951,0.781923967,0.781076265,0.779957877,0.778143351,0.775294081,0.771172968,0.765662362,0.758765259,0.750598597,0.741381065,0.731421093,0.721100987,0.71072039,0.700451729,0.690443512,0.680802208,0.6715794,0.662767592,0.654306759,0.646105398,0.638073135,0.630153434,0.622331952,0.614607471,0.60697879,0.599444725,0.592004102,0.584655765,0.577398571,0.570231391,0.563153111,0.556162629,0.549258858,0.542440723,0.535707165,0.529057135,0.522489599,0.516003534,0.509597932,0.503271796,0.49702414,0.490853994,0.484760396,0.478742398,0.472799062,0.466929465,0.461132693,0.455407842,0.449754022,0.444170351,0.438655962,0.433209995,0.427831603,0.422519947,0.417274201,0.412093547,0.406977179,0.4019243,0.396934123,0.39200587,0.387138775,0.382332078,0.377585031,0.372896895,0.368266939,0.363694442,0.359178691,0.354718984,0.350314624,0.345964926,0.341669212,0.337426812,0.333237066,0.329099321,0.325012931,0.32097726,0.316991679,0.313055566,0.309168309,0.3053293,0.301537943,0.297793646,0.294095824,0.290443903,0.286837312,0.283275489,0.279757879,0.276283934,0.272853111,0.269464877,0.266118702,0.262814065,0.25955045,0.25632735,0.25314426,0.250000686,0.246896136,0.243830126,0.240802179,0.237811822,0.234858588,0.231942018,0.229061656,0.226217053,0.223407765,0.220633354,0.217893388,0.215187439,0.212515085,0.209875909,0.207269499,0.204695449,0.202153357,0.199642827,0.197163467,0.19471489,0.192296715,0.189908563,0.187550063,0.185220846,0.182920549,0.180648814,0.178405285,0.176189612,0.17400145,0.171840458,0.169706298,0.167598637
51,1.007485,0.992489275,0.9770815,0.960514968,0.942312477,0.922976852,0.902945873,0.882857334,0.863150385,0.844390693,0.827687874,0.813686372,0.802769991,0.794608824,0.788828157,0.785097115,0.782475836,0.780573247,0.779009005,0.777571153,0.776448668,0.775295703,0.773708075,0.771349176,0.767955899,0.763352182,0.757465195,0.750325109,0.74205755,0.732871334,0.723046854,0.712921049,0.702762235,0.692734166,0.682973649,0.673573628,0.664572148,0.655950503,0.647642636,0.639558611,0.631617783,0.623778733,0.616036888,0.608391044,0.600840014,0.593382622,0.586017711,0.578744135,0.571560764,0.56446648,0.557460181,0.550540777,0.543707191,0.536958363,0.53029324,0.523710788,0.517209983,0.510789812,0.504449277,0.498187393,0.492003184,0.485895688,0.479863956,0.473907049,0.468024039,0.462214011,0.456476062,0.450809297,0.445212836,0.439685807,0.434227349,0.428836613,0.42351276,0.418254961,0.413062397,0.407934261,0.402869753,0.397868084,0.392928477,0.388050162,0.383232379,0.378474378,0.373775419,0.369134768,0.364551703,0.360025511,0.355555487,0.351140933,0.346781163,0.342475498,0.338223266,0.334023804,0.32987646,0.325780587,0.321735545,0.317740706,0.313795447,0.309899152,0.306051216,0.302251037,0.298498024,0.294791592,0.291131163,0.287516168,0.283946041,0.280420227,0.276938177,0.273499347,0.270103202,0.266749211,0.263436853,0.260165611,0.256934974,0.25374444,0.250593511,0.247481694,0.244408507,0.241373468,0.238376105,0.235415951,0.232492544,0.229605427,0.226754152,0.223938272,0.22115735,0.218410951,0.215698647,0.213020015,0.210374638,0.207762102,0.205182,0.20263393,0.200117494,0.197632301,0.195177961,0.192754093,0.190360317,0.187996262,0.185661558,0.18335584,0.18107875,0.178829931,0.176609033,0.17441571,0.17224962,0.170110423,0.167997787
52,1.008123289,0.991853981,0.975669144,0.958860049,0.940917134,0.92223673,0.903090182,0.883930348,0.865034806,0.846838217,0.830364047,0.816230918,0.804845466,0.795931303,0.789192228,0.784383769,0.780656222,0.777709355,0.775237863,0.773086201,0.771472861,0.770077848,0.768513529,0.766441557,0.763583372,0.759725271,0.754730869,0.748555753,0.741246083,0.732930401,0.723807258,0.714133743,0.704210927,0.694281573,0.684499944,0.674990557,0.665832605,0.657050836,0.648616114,0.640457645,0.632488636,0.62463944,0.616887557,0.609231785,0.601670933,0.594203827,0.586829307,0.579546227,0.572353456,0.565249875,0.55823438,0.551305881,0.544463302,0.537705578,0.531031659,0.524440507,0.517931098,0.51150242,0.505153472,0.498883268,0.492690832,0.486575202,0.480535426,0.474570565,0.468679691,0.462861887,0.457116249,0.451441883,0.445837905,0.440303445,0.43483764,0.42943964,0.424108606,0.418843707,0.413644124,0.408509048,0.40343768,0.39842923,0.393482919,0.388597976,0.383773642,0.379009164,0.374303802,0.369656823,0.365067502,0.360535127,0.35605899,0.351638394,0.347272652,0.342961084,0.338703017,0.334497789,0.330344745,0.326243237,0.322192627,0.318192284,0.314241585,0.310339915,0.306486664,0.302681234,0.298923031,0.295211469,0.291545971,0.287925965,0.284350887,0.28082018,0.277333294,0.273889685,0.270488816,0.267130159,0.263813188,0.260537388,0.257302247,0.254107261,0.250951933,0.24783577,0.244758287,0.241719004,0.238717447,0.235753148,0.232825645,0.229934482,0.227079208,0.224259377,0.22147455,0.218724293,0.216008177,0.213325779,0.210676679,0.208060466,0.20547673,0.20292507,0.200405087,0.197916388,0.195458585,0.193031295,0.190634139,0.188266743,0.185928738,0.18361976,0.181339447,0.179087445,0.176863403,0.174666972,0.172497811,0.170355582,0.168239949
53,1.008912694,0.991069399,0.97365935,0.956116524,0.937966939,0.919570633,0.901093988,0.882827568,0.864869508,0.84749683,0.831604929,0.81772536,0.806235576,0.796877261,0.789406211,0.783656291,0.778866139,0.774827741,0.771327398,0.768283852,0.76596839,0.764108172,0.762346753,0.760348139,0.757818139,0.754518132,0.750268541,0.744960281,0.738567981,0.731147607,0.722827691,0.713796843,0.704292278,0.6945855,0.684897324,0.675371693,0.666120292,0.657208413,0.648647867,0.640400018,0.632390768,0.624538149,0.616788224,0.609134367,0.60157539,0.59411012,0.586737397,0.579456075,0.572265025,0.56516313,0.558149285,0.551222402,0.544381404,0.537625228,0.530952825,0.524363158,0.517855203,0.511427948,0.505080394,0.498811555,0.492620456,0.486506135,0.480467641,0.474504036,0.468614391,0.462797793,0.457053335,0.451380124,0.445777279,0.440243928,0.43477921,0.429382275,0.424052283,0.418788406,0.413589825,0.40845573,0.403385323,0.398377815,0.393432427,0.388548389,0.383724941,0.378961333,0.374256822,0.369610677,0.365022175,0.360490601,0.35601525,0.351595426,0.347230439,0.342919611,0.33866227,0.334457754,0.330305407,0.326204584,0.322154645,0.31815496,0.314204906,0.310303868,0.306451238,0.302646416,0.29888881,0.295177833,0.291512909,0.287893466,0.28431894,0.280788775,0.27730242,0.273859332,0.270458976,0.26710082,0.263784341,0.260509024,0.257274357,0.254079837,0.250924965,0.24780925,0.244732207,0.241693355,0.238692221,0.235728338,0.232801243,0.22991048,0.227055598,0.224236153,0.221451705,0.21870182,0.215986069,0.213304029,0.210655281,0.208039413,0.205456016,0.202904689,0.200385033,0.197896655,0.195439168,0.193012187,0.190615335,0.188248238,0.185910526,0.183601836,0.181321807,0.179070083,0.176846314,0.174650151,0.172481254,0.170339284,0.168223906
54,1.009735602,0.990252831,0.971325909,0.952612803,0.933778219,0.915211063,0.897040651,0.879454728,0.862395141,0.845964571,0.83090417,0.817619755,0.806400735,0.796956491,0.789058766,0.782592356,0.776875517,0.771789946,0.767214741,0.763159311,0.759965174,0.757426719,0.755239649,0.753087043,0.750669803,0.747724471,0.744041325,0.739465657,0.733908247,0.727357219,0.719874774,0.711587926,0.702675869,0.693358429,0.683881873,0.674447375,0.665187801,0.656201547,0.647539989,0.639202503,0.631142022,0.623282694,0.615549107,0.607911367,0.600368289,0.592918702,0.585561451,0.578295393,0.571119401,0.56403236,0.55703317,0.550120744,0.54329401,0.536551906,0.529893386,0.523317417,0.516822975,0.510409053,0.504074654,0.497818794,0.491640501,0.485538816,0.479512789,0.473561484,0.467683977,0.461879355,0.456146713,0.450485163,0.444893823,0.439371825,0.433918309,0.428532428,0.423213345,0.417960232,0.412772272,0.407648659,0.402588595,0.397591294,0.392655979,0.387781881,0.382968242,0.378214314,0.373519356,0.368882639,0.364303441,0.359781049,0.35531476,0.350903878,0.346547718,0.3422456,0.337996856,0.333800824,0.329656851,0.325564292,0.321522509,0.317530875,0.313588766,0.309695569,0.305850679,0.302053496,0.29830343,0.294599895,0.290942316,0.287330123,0.283762753,0.280239651,0.276760268,0.273324061,0.269930496,0.266579045,0.263269184,0.260000399,0.256772179,0.253584023,0.250435433,0.247325919,0.244254997,0.241222187,0.238227017,0.235269021,0.232347738,0.229462712,0.226613493,0.223799638,0.221020709,0.218276271,0.215565897,0.212889165,0.210245657,0.207634962,0.205056673,0.202510386,0.199995707,0.197512242,0.195059604,0.192637411,0.190245286,0.187882855,0.18554975,0.183245607,0.180970067,0.178722775,0.176503381,0.174311538,0.172146906,0.170009145,0.167897924
55,1.010469881,0.989525338,0.969019444,0.948852251,0.928907136,0.909701842,0.891391434,0.874126265,0.857750522,0.842215787,0.828092498,0.815637867,0.80501735,0.795852036,0.787879299,0.780998181,0.774578708,0.768582401,0.7629783,0.757867464,0.753677611,0.750285366,0.747458141,0.744921489,0.742387408,0.739584404,0.736271186,0.73226001,0.727415266,0.721662996,0.715001422,0.707496867,0.699274031,0.69050324,0.681388762,0.67215471,0.662984163,0.653998259,0.645281799,0.636872364,0.628757548,0.620883042,0.613172869,0.605565415,0.598052228,0.590632143,0.583304009,0.576066688,0.568919059,0.561860013,0.554888453,0.548003299,0.541203482,0.534487946,0.527855649,0.521305561,0.514836667,0.508447961,0.502138451,0.495907159,0.489753115,0.483675365,0.477672964,0.471744981,0.465890494,0.460108593,0.454398382,0.448758971,0.443189486,0.437689061,0.43225684,0.42689198,0.421593648,0.416361018,0.411193278,0.406089625,0.401049265,0.396071415,0.3911553,0.386300157,0.381505229,0.376769772,0.372093049,0.367474333,0.362912905,0.358408056,0.353959085,0.3495653,0.345226017,0.340940561,0.336708266,0.332528473,0.328400532,0.324323799,0.320297641,0.316321432,0.312394552,0.30851639,0.304686342,0.300903812,0.297168213,0.293478961,0.289835482,0.28623721,0.282683584,0.279174051,0.275708064,0.272285083,0.268904576,0.265566017,0.262268884,0.259012665,0.255796853,0.252620946,0.24948445,0.246386877,0.243327744,0.240306573,0.237322896,0.234376246,0.231466165,0.2285922,0.225753902,0.222950829,0.220182545,0.217448618,0.214748622,0.212082137,0.209448746,0.20684804,0.204279613,0.201743065,0.199238,0.196764029,0.194320765,0.191907827,0.18952484,0.187171432,0.184847236,0.18255189,0.180285035,0.17804632,0.175835393,0.173651912,0.171495535,0.169365926,0.167262753
56,1.011055566,0.988945828,0.967034474,0.94535195,0.924018467,0.903758661,0.884850069,0.86746591,0.851416429,0.836559444,0.823317017,0.811784192,0.801982305,0.793411499,0.785719609,0.778769525,0.771946247,0.765262062,0.758765728,0.752646923,0.747420477,0.74305924,0.739416796,0.736282397,0.733403534,0.730514299,0.727364797,0.723730298,0.719440594,0.71437548,0.708473334,0.701740336,0.694245632,0.686111212,0.677499032,0.668599203,0.659615959,0.650715383,0.642006384,0.633560003,0.625400305,0.617503871,0.609810444,0.602245575,0.594774424,0.587395833,0.580108658,0.57291177,0.565804052,0.558784404,0.551851735,0.545004972,0.538243053,0.531564928,0.524969561,0.518455931,0.512023025,0.505669846,0.499395408,0.493198738,0.487078873,0.481034863,0.475065772,0.469170671,0.463348646,0.457598792,0.451920217,0.44631204,0.440773388,0.435303403,0.429901233,0.424566041,0.419296997,0.414093283,0.40895409,0.40387862,0.398866084,0.393915703,0.389026707,0.384198338,0.379429844,0.374720484,0.370069526,0.365476247,0.360939933,0.356459878,0.352035387,0.347665771,0.343350349,0.339088453,0.334879417,0.330722589,0.32661732,0.322562974,0.318558918,0.31460453,0.310699195,0.306842305,0.303033259,0.299271467,0.295556341,0.291887304,0.288263784,0.284685218,0.28115105,0.277660727,0.274213708,0.270809456,0.267447441,0.264127139,0.260848034,0.257609615,0.254411377,0.251252823,0.248133461,0.245052805,0.242010376,0.239005699,0.236038306,0.233107736,0.230213532,0.227355244,0.224532425,0.221744636,0.218991444,0.216272418,0.213587136,0.210935179,0.208316134,0.205729593,0.203175153,0.200652415,0.198160987,0.195700481,0.193270512,0.190870703,0.188500679,0.186160072,0.183848515,0.181565649,0.179311119,0.177084572,0.174885662,0.172714045,0.170569384,0.168451344,0.166359594
57,1.011475568,0.98853067,0.965501329,0.942470351,0.91968618,0.898098925,0.878184219,0.860231388,0.844074804,0.829540258,0.816956642,0.806280438,0.797377658,0.789610511,0.7825057,0.775835306,0.768949316,0.761872876,0.754705322,0.747714696,0.741500149,0.73613016,0.731557946,0.727652229,0.724217965,0.721019412,0.717808279,0.714352314,0.71043961,0.705914585,0.700670018,0.694654707,0.687881401,0.680421261,0.672393367,0.663951754,0.655273468,0.646544607,0.637915084,0.629481222,0.62130028,0.613383213,0.605696468,0.598175181,0.590755443,0.583427604,0.576190531,0.569043102,0.56198421,0.555012761,0.548127676,0.541327887,0.53461234,0.527979994,0.521429822,0.514960808,0.508571949,0.502262253,0.496030744,0.489876454,0.483798428,0.477795724,0.471867412,0.46601257,0.46023029,0.454519676,0.448879841,0.44330991,0.437809017,0.432376311,0.427010946,0.42171209,0.41647892,0.411310625,0.4062064,0.401165454,0.396187003,0.391270274,0.386414504,0.381618938,0.376882832,0.372205448,0.367586061,0.363023953,0.358518415,0.354068746,0.349674255,0.345334259,0.341048084,0.336815062,0.332634537,0.328505857,0.324428382,0.320401476,0.316424514,0.312496878,0.308617956,0.304787146,0.301003851,0.297267483,0.29357746,0.28993321,0.286334164,0.282779763,0.279269454,0.27580269,0.272378933,0.268997649,0.265658312,0.262360403,0.259103407,0.25588682,0.252710138,0.249572869,0.246474524,0.243414619,0.24039268,0.237408236,0.234460821,0.231549978,0.228675252,0.225836196,0.223032368,0.220263332,0.217528656,0.214827913,0.212160685,0.209526554,0.206925112,0.204355952,0.201818674,0.199312884,0.19683819,0.194394208,0.191980556,0.189596858,0.187242744,0.184917845,0.182621801,0.180354253,0.178114848,0.175903237,0.173719075,0.171562021,0.169431741,0.167327901,0.165250173
58,1.011732124,0.988277243,0.964449939,0.940348242,0.916272968,0.893295363,0.872107449,0.85318765,0.836484196,0.821846742,0.809570241,0.799527192,0.79145292,0.784563339,0.778248203,0.772157814,0.765553359,0.758422024,0.750875911,0.74323258,0.73616581,0.729835686,0.724294184,0.719504054,0.715344209,0.711631235,0.708142729,0.704645033,0.700920865,0.696768611,0.692045362,0.686655255,0.680556222,0.673766651,0.666359203,0.658449979,0.650185495,0.641730615,0.6332547,0.624892161,0.616726505,0.608801316,0.601114941,0.593624646,0.586262345,0.578991207,0.571810109,0.564717938,0.557713597,0.550796002,0.543964081,0.537216777,0.530553044,0.52397185,0.517472176,0.511053016,0.504713374,0.498452268,0.492268728,0.486161796,0.480130525,0.47417398,0.468291237,0.462481385,0.456743523,0.451076761,0.445480219,0.439953031,0.434494338,0.429103295,0.423779063,0.418520818,0.413327743,0.408199033,0.403133891,0.398131532,0.393191178,0.388312063,0.38349343,0.37873453,0.374034624,0.369392983,0.364808886,0.36028162,0.355810482,0.351394779,0.347033823,0.342726938,0.338473455,0.334272712,0.330124056,0.326026844,0.321980437,0.317984208,0.314037535,0.310139805,0.306290412,0.302488757,0.298734249,0.295026305,0.291364348,0.287747808,0.284176124,0.280648739,0.277165105,0.27372468,0.27032693,0.266971325,0.263657343,0.26038447,0.257152195,0.253960017,0.250807437,0.247693966,0.244619119,0.241582418,0.238583389,0.235621567,0.23269649,0.229807703,0.226954757,0.224137206,0.221354613,0.218606545,0.215892573,0.213212275,0.210565233,0.207951037,0.205369277,0.202819553,0.200301467,0.197814627,0.195358646,0.192933141,0.190537735,0.188172055,0.185835731,0.1835284,0.181249703,0.178999284,0.176776793,0.174581884,0.172414215,0.170273448,0.168159249,0.166071289,0.164009243
59,1.011841187,0.988169549,0.963860296,0.93899776,0.91389901,0.889684053,0.8671606,0.847014017,0.829376345,0.814207598,0.80182236,0.792066571,0.784598946,0.778515343,0.77306146,0.767750671,0.761725242,0.754880033,0.747289378,0.739282981,0.731581395,0.724425655,0.717962254,0.712248385,0.707252182,0.702859426,0.698895622,0.695149408,0.691399734,0.687442447,0.683084488,0.67819428,0.672686198,0.666526411,0.65973832,0.65239575,0.644611834,0.636525932,0.628291476,0.620062237,0.611957699,0.60404843,0.596364539,0.588892348,0.581580937,0.574368909,0.567246162,0.560211595,0.55326412,0.546402662,0.539626159,0.532933564,0.526323841,0.519795966,0.51334893,0.506981734,0.500693393,0.494482933,0.488349392,0.482291821,0.47630928,0.470400845,0.464565598,0.458802637,0.453111068,0.447490009,0.441938589,0.436455948,0.431041235,0.425693612,0.420412248,0.415196326,0.410045036,0.40495758,0.399933167,0.39497102,0.390070368,0.385230451,0.380450518,0.375729826,0.371067645,0.366463249,0.361915925,0.357424967,0.352989676,0.348609366,0.344283355,0.340010972,0.335791553,0.331624444,0.327508997,0.323444572,0.319430539,0.315466274,0.311551161,0.307684591,0.303865965,0.300094688,0.296370174,0.292691846,0.28905913,0.285471462,0.281928285,0.278429048,0.274973207,0.271560225,0.26818957,0.264860719,0.261573155,0.258326365,0.255119845,0.251953096,0.248825627,0.245736949,0.242686583,0.239674055,0.236698895,0.233760641,0.230858836,0.227993027,0.22516277,0.222367623,0.219607152,0.216880927,0.214188524,0.211529524,0.208903513,0.206310081,0.203748826,0.201219349,0.198721256,0.196254157,0.19381767,0.191411414,0.189035014,0.186688102,0.184370311,0.18208128,0.179820653,0.177588077,0.175383206,0.173205695,0.171055206,0.168931404,0.166833957,0.164762539,0.162716827
60,1.011869887,0.988141214,0.963637456,0.938322427,0.912501185,0.8873086,0.863598554,0.842166161,0.823343904,0.80726944,0.794360525,0.784487658,0.777289003,0.771794594,0.767133061,0.762674524,0.757428021,0.751165304,0.743868884,0.73583061,0.727781538,0.720015217,0.712761868,0.706170149,0.700298894,0.695118816,0.690520352,0.686336124,0.682364272,0.678394975,0.674235915,0.669701381,0.664670195,0.659066179,0.652863102,0.646088932,0.63881845,0.631161867,0.623251719,0.615230638,0.607237771,0.599378168,0.591709423,0.584248434,0.576970122,0.569816407,0.562751223,0.555773479,0.548882096,0.54207601,0.535354169,0.528715534,0.522159078,0.515683788,0.509288662,0.502972711,0.496734958,0.490574438,0.484490199,0.478481298,0.472546806,0.466685803,0.460897384,0.455180652,0.449534721,0.443958717,0.438451777,0.433013048,0.427641688,0.422336864,0.417097754,0.411923546,0.40681344,0.401766642,0.396782371,0.391859854,0.386998328,0.382197038,0.377455242,0.372772202,0.368147193,0.363579498,0.359068408,0.354613224,0.350213253,0.345867814,0.341576232,0.33733784,0.333151982,0.329018008,0.324935276,0.320903151,0.316921009,0.312988231,0.309104205,0.30526833,0.301480009,0.297738654,0.294043684,0.290394524,0.286790609,0.283231377,0.279716277,0.276244762,0.272816292,0.269430335,0.266086364,0.262783861,0.25952231,0.256301206,0.253120048,0.249978341,0.246875597,0.243811333,0.240785072,0.237796346,0.234844687,0.231929638,0.229050745,0.226207561,0.223399642,0.220626553,0.217887862,0.215183142,0.212511973,0.20987394,0.207268632,0.204695643,0.202154574,0.199645028,0.197166615,0.19471895,0.192301651,0.189914343,0.187556653,0.185228214,0.182928665,0.180657647,0.178414806,0.176199793,0.174012264,0.171851878,0.169718299,0.167611193,0.165530233,0.163475096,0.16144546
61,1.011945827,0.988066245,0.963530449,0.938048827,0.911809919,0.885936775,0.861297134,0.838729055,0.818670739,0.801453166,0.78766234,0.777273084,0.769952357,0.76471976,0.760641341,0.756971449,0.752580586,0.747102576,0.740397288,0.732665051,0.724598459,0.716505328,0.708668564,0.701316696,0.694595801,0.688562813,0.683188504,0.678366316,0.67393506,0.669702065,0.665468963,0.661056017,0.65628618,0.651050569,0.645284808,0.638973039,0.632150935,0.624897703,0.617324424,0.609560908,0.601743413,0.593986627,0.586368651,0.578934041,0.571686781,0.564591106,0.557591888,0.550679264,0.543852167,0.537109544,0.530450353,0.523873566,0.517378167,0.510963153,0.504627533,0.498370327,0.492190569,0.486087303,0.480059587,0.474106488,0.468227085,0.462420469,0.456685744,0.45102202,0.445428422,0.439904085,0.434448154,0.429059785,0.423738142,0.418482404,0.413291755,0.408165393,0.403102523,0.398102362,0.393164134,0.388287076,0.383470431,0.378713453,0.374015406,0.36937556,0.364793197,0.360267607,0.355798089,0.351383948,0.347024501,0.342719072,0.338466994,0.334267606,0.330120257,0.326024305,0.321979113,0.317984054,0.314038509,0.310141864,0.306293516,0.302492867,0.298739326,0.295032312,0.291371249,0.287755569,0.28418471,0.280658117,0.277175244,0.273735548,0.270338497,0.266983562,0.263670222,0.260397962,0.257166274,0.253974657,0.250822613,0.247709654,0.244635295,0.241599059,0.238600474,0.235639073,0.232714397,0.22982599,0.226973405,0.224156196,0.221373926,0.218626164,0.21591248,0.213232454,0.210585668,0.20797171,0.205390176,0.202840661,0.200322771,0.197836113,0.195380301,0.192954952,0.19055969,0.188194141,0.185857937,0.183550715,0.181272115,0.179021784,0.17679937,0.174604529,0.172436918,0.170296199,0.168182041,0.166094113,0.16403209,0.161995652,0.159984481
62,1.012184119,0.987831075,0.963182926,0.937704019,0.911335988,0.885088426,0.859817381,0.836372996,0.815234189,0.796832984,0.781938651,0.770691773,0.762864938,0.757515549,0.753702649,0.750619586,0.747026778,0.742414688,0.736505591,0.72937739,0.721631186,0.713540332,0.705403975,0.697504102,0.690065999,0.683232118,0.677056862,0.671510742,0.666490069,0.661839748,0.657376146,0.652912063,0.648279879,0.643310681,0.637907229,0.63201616,0.625631093,0.618794452,0.611588939,0.604125635,0.596530876,0.588920295,0.581384856,0.573990929,0.566770109,0.559713835,0.55277636,0.545924684,0.539157751,0.532474516,0.525873949,0.519355033,0.51291676,0.506558139,0.500278186,0.494075933,0.487950422,0.481900708,0.475925856,0.470024943,0.464197059,0.458441301,0.452756781,0.447142621,0.441597953,0.43612192,0.430713674,0.42537238,0.420097212,0.414887354,0.409741999,0.404660353,0.399641629,0.394685049,0.389789848,0.384955267,0.380180558,0.375464982,0.370807808,0.366208316,0.361665793,0.357179536,0.352748849,0.348373046,0.34405145,0.33978339,0.335568206,0.331405244,0.327293858,0.323233411,0.319223275,0.315262826,0.311351452,0.307488544,0.303673506,0.299905743,0.296184673,0.292509718,0.288880307,0.285295878,0.281755874,0.278259747,0.274806952,0.271396955,0.268029227,0.264703243,0.261418489,0.258174453,0.254970633,0.25180653,0.248681654,0.245595519,0.242547645,0.23953756,0.236564795,0.233628889,0.230729385,0.227865834,0.225037789,0.222244812,0.219486469,0.216762331,0.214071973,0.21141498,0.208790936,0.206199434,0.203640072,0.201112451,0.198616179,0.196150867,0.193716131,0.191311594,0.188936881,0.186591622,0.184275454,0.181988015,0.17972895,0.177497908,0.175294541,0.173118506,0.170969465,0.168847084,0.166751032,0.164680983,0.162636615,0.16061761,0.158623653
63,1.012648507,0.987373091,0.962312354,0.9367724,0.910454271,0.884126359,0.858534445,0.834516266,0.812561538,0.793140107,0.777114697,0.764804297,0.75614551,0.750308072,0.746392358,0.743586576,0.740596771,0.736798468,0.731770945,0.725454438,0.718327568,0.710576346,0.702467824,0.694301078,0.686355516,0.678851796,0.671927856,0.665635088,0.65994355,0.654752392,0.649912627,0.645249602,0.640587095,0.635769252,0.630634935,0.625098021,0.619115502,0.612689708,0.605869011,0.598738811,0.59140947,0.583990386,0.576576942,0.569250301,0.562064948,0.555039601,0.548153539,0.541360526,0.534651496,0.528025417,0.521481266,0.515018036,0.508634731,0.502330367,0.496103972,0.489954585,0.48388126,0.477883058,0.471959054,0.466108336,0.460329998,0.454623151,0.448986913,0.443420413,0.437922793,0.432493203,0.427130804,0.421834769,0.416604279,0.411438526,0.406336711,0.401298046,0.396321752,0.39140706,0.38655321,0.38175945,0.377025041,0.372349249,0.367731351,0.363170632,0.358666387,0.354217919,0.349824539,0.345485567,0.341200331,0.336968169,0.332788423,0.328660448,0.324583604,0.320557259,0.31658079,0.312653579,0.30877502,0.304944511,0.301161458,0.297425274,0.293735382,0.290091208,0.286492187,0.282937762,0.279427381,0.2759605,0.272536581,0.269155094,0.265815512,0.262517319,0.259260003,0.256043057,0.252865984,0.249728289,0.246629486,0.243569094,0.240546638,0.237561648,0.234613661,0.231702219,0.22882687,0.225987168,0.223182671,0.220412944,0.217677557,0.214976084,0.212308107,0.20967321,0.207070984,0.204501025,0.201962933,0.199456314,0.196980778,0.194535941,0.192121423,0.189736847,0.187381844,0.185056048,0.182759096,0.180490631,0.178250302,0.176037758,0.173852657,0.171694658,0.169563427,0.16745863,0.165379941,0.163327037,0.161299598,0.159297308,0.157319857
64,1.013318231,0.986713346,0.960815703,0.934935587,0.908618581,0.882396559,0.856781015,0.832501895,0.810036207,0.789862605,0.772875891,0.759484617,0.749799809,0.743159175,0.738777924,0.735887597,0.733196677,0.730021443,0.725826525,0.720408853,0.714108823,0.706994181,0.699246956,0.691136548,0.682959745,0.674991856,0.667447692,0.660459945,0.654076664,0.648267391,0.642934218,0.637934392,0.633102302,0.628272632,0.623301058,0.618034044,0.612396175,0.606354245,0.599918642,0.593142978,0.586114648,0.578930479,0.571682946,0.564459984,0.557332618,0.550343288,0.54349794,0.536764115,0.530113505,0.523545087,0.51705785,0.510650796,0.504322938,0.498073303,0.491900929,0.485804864,0.479784171,0.47383792,0.467965197,0.462165096,0.456436723,0.450779195,0.44519164,0.439673196,0.434223012,0.428840247,0.42352407,0.418273662,0.413088212,0.407966919,0.402908994,0.397913654,0.392980129,0.388107656,0.383295483,0.378542867,0.373849072,0.369213374,0.364635057,0.360113411,0.355647739,0.35123735,0.346881562,0.342579701,0.338331102,0.334135107,0.329991067,0.325898341,0.321856296,0.317864306,0.313921753,0.310028027,0.306182524,0.30238465,0.298633816,0.294929441,0.291270951,0.287657781,0.284089369,0.280565163,0.277084616,0.27364719,0.270252352,0.266899575,0.263588339,0.260318132,0.257088445,0.253898779,0.250748638,0.247637535,0.244564985,0.241530513,0.238533649,0.235573926,0.232650885,0.229764074,0.226913044,0.224097352,0.221316562,0.218570241,0.215857964,0.213179309,0.21053386,0.207921207,0.205340943,0.202792668,0.200275987,0.197790508,0.195335845,0.192911617,0.190517447,0.188152964,0.185817799,0.183511589,0.181233978,0.178984609,0.176763135,0.174569209,0.172402491,0.170262643,0.168149333,0.166062232,0.164001017,0.161965365,0.159954962,0.157969493,0.156008651
65,1.014101184,0.985943171,0.95882225,0.932198759,0.905620915,0.879465317,0.854013634,0.829768203,0.807101588,0.786478615,0.768798097,0.754498104,0.74377592,0.736145331,0.730990227,0.72765798,0.724908604,0.722055935,0.71850537,0.713938354,0.708550736,0.702276537,0.695181417,0.687453213,0.679361224,0.671197952,0.663233243,0.655675025,0.648650175,0.642203198,0.636303185,0.630855372,0.625723463,0.620751041,0.615783704,0.610688508,0.605319499,0.59961163,0.593541026,0.587125539,0.580423374,0.573511635,0.566473305,0.559395837,0.55235924,0.545424062,0.538620566,0.53194206,0.525352799,0.518844932,0.51241746,0.506069394,0.499799759,0.493607591,0.487491938,0.481451859,0.475486426,0.469594721,0.463775837,0.458028878,0.452352961,0.44674721,0.441210763,0.435742767,0.43034238,0.425008769,0.419741113,0.4145386,0.409400428,0.404325804,0.399313946,0.394364082,0.389475446,0.384647287,0.379878857,0.375169422,0.370518254,0.365924635,0.361387857,0.356907218,0.352482026,0.348111599,0.34379526,0.339532343,0.335322189,0.331164148,0.327057576,0.323001839,0.318996309,0.315040367,0.311133402,0.30727481,0.303463992,0.299700359,0.29598333,0.292312329,0.288686788,0.285106145,0.281569846,0.278077345,0.274628099,0.271221575,0.267857245,0.264534588,0.261253089,0.25801224,0.254811539,0.25165049,0.248528602,0.245445393,0.242400383,0.239393102,0.236423082,0.233489864,0.230592991,0.227732016,0.224906494,0.222115987,0.219360063,0.216638293,0.213950255,0.211295533,0.208673713,0.20608439,0.203527162,0.201001631,0.198507405,0.196044098,0.193611326,0.191208712,0.188835884,0.186492472,0.184178112,0.181892445,0.179635116,0.177405775,0.175204074,0.173029673,0.170882232,0.168761419,0.166666904,0.16459836,0.162555468,0.160537909,0.15854537,0.15657754,0.154634115
66,1.014879762,0.985178483,0.956619102,0.928878751,0.901650253,0.875307091,0.849979556,0.825947069,0.803363036,0.782590089,0.764509218,0.749561181,0.737970464,0.729338996,0.72322564,0.719145768,0.715982785,0.713097058,0.709891185,0.705985695,0.701458524,0.696104216,0.689856092,0.682789549,0.675095875,0.667042105,0.658914703,0.650976886,0.643428846,0.636391227,0.629904913,0.623938702,0.618401241,0.613162963,0.608076826,0.602999389,0.597808967,0.592367242,0.586619225,0.58054991,0.574184036,0.56757253,0.560781636,0.553891698,0.54698458,0.540131893,0.533383399,0.526757086,0.520233821,0.513791092,0.507427909,0.501143297,0.494936292,0.48880594,0.482751301,0.476771445,0.470865453,0.465032419,0.459271446,0.453581649,0.447962153,0.442412094,0.436930619,0.431516884,0.426170057,0.420889315,0.415673846,0.410522846,0.405435522,0.400411092,0.395448781,0.390547826,0.38570747,0.380926968,0.376205583,0.371542588,0.366937264,0.3623889,0.357896794,0.353460255,0.349078598,0.344751146,0.340477232,0.336256196,0.332087386,0.327970159,0.323903879,0.319887919,0.315921657,0.312004481,0.308135785,0.304314973,0.300541453,0.296814642,0.293133964,0.289498851,0.285908739,0.282363074,0.278861306,0.275402896,0.271987307,0.268614011,0.265282486,0.261992216,0.258742692,0.255533411,0.252363877,0.249233597,0.246142089,0.243088872,0.240073474,0.237095428,0.234154272,0.231249551,0.228380815,0.225547619,0.222749523,0.219986095,0.217256905,0.214561531,0.211899555,0.209270564,0.20667415,0.204109911,0.201577448,0.19907637,0.196606287,0.194166817,0.191757582,0.189378206,0.187028322,0.184707564,0.182415572,0.18015199,0.177916468,0.175708657,0.173528215,0.171374804,0.169248089,0.16714774,0.16507343,0.163024837,0.161001644,0.159003535,0.157030201,0.155081334,0.153156633
67,1.015548299,0.984522814,0.954529639,0.925458777,0.897212679,0.870298546,0.844841928,0.82097515,0.798638324,0.777981968,0.759784063,0.744467843,0.732258992,0.722789084,0.715704179,0.710692379,0.706811235,0.703538595,0.70032275,0.696778822,0.692919765,0.688427515,0.683096804,0.676874608,0.669844071,0.662197883,0.654198948,0.646126218,0.638235311,0.630718021,0.623688485,0.617183986,0.61117323,0.605568564,0.600247412,0.595072269,0.589910658,0.584652006,0.579165705,0.573406484,0.567367717,0.561069528,0.55455483,0.547889679,0.54115118,0.534415071,0.527744128,0.521177059,0.514719539,0.508347008,0.50205311,0.495836881,0.48969737,0.483633635,0.477644748,0.471729789,0.465887854,0.460118045,0.454419477,0.448791277,0.443232579,0.437742532,0.432320292,0.426965027,0.421675914,0.41645214,0.411292903,0.406197409,0.401164876,0.396194529,0.391285604,0.386437347,0.38164901,0.376919858,0.372249162,0.367636204,0.363080272,0.358580667,0.354136693,0.349747668,0.345412914,0.341131764,0.336903557,0.332727642,0.328603376,0.324530121,0.32050725,0.316534142,0.312610184,0.308734771,0.304907305,0.301127194,0.297393855,0.293706713,0.290065196,0.286468743,0.282916799,0.279408814,0.275944246,0.272522561,0.269143229,0.265805727,0.262509541,0.259254159,0.25603908,0.252863805,0.249727843,0.24663071,0.243571925,0.240551016,0.237567516,0.234620962,0.231710898,0.228836874,0.225998444,0.22319517,0.220426617,0.217692356,0.214991965,0.212325023,0.209691119,0.207089844,0.204520794,0.201983573,0.199477786,0.197003046,0.194558968,0.192145173,0.189761288,0.187406942,0.185081771,0.182785413,0.180517513,0.178277719,0.176065683,0.173881062,0.171723518,0.169592714,0.167488321,0.165410012,0.163357464,0.161330359,0.159328382,0.157351222,0.155398572,0.153470129,0.151565594
68,1.016015625,0.984064998,0.952840629,0.922434305,0.892954643,0.865105556,0.839139419,0.815182495,0.793035485,0.772643575,0.754576347,0.7391585,0.726597785,0.71652983,0.708629535,0.70267033,0.697887221,0.693925289,0.690348293,0.686813559,0.68332295,0.679498448,0.675022012,0.669705419,0.663507849,0.656518447,0.648929543,0.640998358,0.632995147,0.625167176,0.617697381,0.610693249,0.604188555,0.598152143,0.592500325,0.58711772,0.581876448,0.576654933,0.571353491,0.565849278,0.560106355,0.55411533,0.547890892,0.541478221,0.5349426,0.528357334,0.521791534,0.515298766,0.50890647,0.502608023,0.496387242,0.490243178,0.484174892,0.478181454,0.472261948,0.46641547,0.460641123,0.454938025,0.449305302,0.443742091,0.43824754,0.432820808,0.427461062,0.422167481,0.416939254,0.411775577,0.40667566,0.401638719,0.396663982,0.391750685,0.386898073,0.382105402,0.377371934,0.372696943,0.368079711,0.363519526,0.35901569,0.354567508,0.350174297,0.34583538,0.341550092,0.33731777,0.333137766,0.329009434,0.324932139,0.320905253,0.316928156,0.313000236,0.309120886,0.30528951,0.301505516,0.297768321,0.294077349,0.29043203,0.286831803,0.283276112,0.279764408,0.276296149,0.272870801,0.269487834,0.266146725,0.26284696,0.259588028,0.256369426,0.253190658,0.25005123,0.24695066,0.243888467,0.240864178,0.237877325,0.234927448,0.232014089,0.229136798,0.22629513,0.223488645,0.22071691,0.217979495,0.215275978,0.212605938,0.209968964,0.207364646,0.204792582,0.202252374,0.199743628,0.197265955,0.194818972,0.1924023,0.190015564,0.187658395,0.185330427,0.183031299,0.180760656,0.178518144,0.176303418,0.174116132,0.171955948,0.169822532,0.167715552,0.165634681,0.163579597,0.161549981,0.159545518,0.157565897,0.155610811,0.153679956,0.151773033,0.149889746
69,1.016209345,0.983875344,0.951791247,0.920230844,0.889498627,0.860492882,0.83365334,0.809226378,0.787009058,0.76681305,0.749007067,0.733717281,0.721055879,0.710643949,0.702159442,0.695403069,0.689700023,0.684865578,0.680627717,0.676754475,0.673282976,0.669828667,0.666011928,0.661533465,0.656221291,0.650045457,0.643099589,0.635574188,0.627719561,0.619796379,0.612043045,0.604633369,0.597668178,0.591177899,0.585131746,0.579450209,0.574025238,0.568738567,0.563479363,0.558158537,0.552661015,0.546949358,0.541010559,0.53486387,0.528556181,0.52215144,0.515718645,0.509319845,0.502999065,0.496772327,0.490626066,0.484555546,0.47855984,0.472638035,0.466789227,0.461012521,0.455307038,0.449671904,0.444106259,0.438609252,0.433180043,0.427817802,0.422521709,0.417290953,0.412124733,0.407022259,0.40198275,0.397005434,0.392089548,0.387234339,0.382439063,0.377702984,0.373025377,0.368405523,0.363842715,0.359336252,0.354885442,0.350489603,0.346148058,0.341860142,0.337625195,0.333442567,0.329311614,0.325231703,0.321202206,0.317222503,0.313291981,0.309410037,0.305576073,0.301789499,0.298049732,0.294356196,0.290708322,0.287105549,0.283547322,0.280033093,0.276562319,0.273134467,0.269749007,0.266405417,0.263103183,0.259841795,0.256620749,0.253439549,0.250297704,0.247194729,0.244130145,0.24110348,0.238114264,0.235162038,0.232246345,0.229366735,0.226522763,0.223713989,0.22093998,0.218200307,0.215494545,0.212822278,0.210183092,0.207576578,0.205002334,0.202459961,0.199949066,0.197469261,0.195020162,0.192601389,0.19021257,0.187853333,0.185523313,0.183222151,0.180949489,0.178704976,0.176488263,0.174299008,0.172136872,0.170001519,0.167892619,0.165809844,0.163752873,0.161721386,0.159715068,0.157733609,0.1557767,0.15384404,0.151935327,0.150050266,0.148188565
70,1.016072285,0.984009519,0.951573415,0.919201204,0.88737475,0.857178637,0.829238112,0.803977715,0.781311602,0.761048675,0.74342662,0.728382041,0.715836148,0.70532032,0.696496825,0.689167823,0.682690299,0.676963953,0.671883842,0.667376789,0.663582458,0.660155575,0.656707097,0.652875258,0.64837927,0.6430625,0.636904626,0.630002442,0.622543451,0.614770154,0.606933083,0.599261526,0.591920122,0.585003177,0.578537995,0.572494398,0.566797228,0.561345818,0.556031432,0.550753744,0.545433913,0.539954359,0.534275271,0.528389819,0.522321294,0.516117767,0.509841355,0.503556298,0.497317203,0.491158287,0.485084035,0.479084573,0.47315899,0.467306382,0.46152586,0.455816542,0.45017756,0.444608053,0.439107173,0.433674081,0.428307948,0.423007957,0.417773297,0.41260317,0.407496786,0.402453365,0.397472136,0.39255234,0.387693222,0.38289404,0.378154061,0.373472558,0.368848815,0.364282126,0.359771789,0.355317115,0.350917421,0.346572033,0.342280284,0.338041518,0.333855083,0.329720338,0.325636648,0.321603387,0.317619936,0.313685683,0.309800023,0.305962361,0.302172107,0.298428678,0.294731498,0.291080001,0.287473623,0.283911811,0.280394017,0.276919699,0.273488324,0.270099362,0.266752292,0.263446599,0.260181774,0.256957314,0.253772722,0.250627508,0.247521187,0.24445328,0.241423314,0.238430822,0.235475343,0.232556421,0.229673605,0.226826452,0.22401452,0.221237378,0.218494595,0.215785748,0.21311042,0.210468197,0.207858671,0.205281439,0.202736103,0.200222269,0.197739549,0.19528756,0.192865922,0.19047426,0.188112206,0.185779394,0.183475463,0.181200057,0.178952824,0.176733415,0.174541488,0.172376704,0.170238727,0.168127227,0.166041876,0.163982352,0.161948335,0.159939512,0.15795557,0.155996203,0.154061106,0.152149981,0.15026253,0.148398462,0.146557488
71,1.015603232,0.984468977,0.952297715,0.919586497,0.886977419,0.855726085,0.826636531,0.800310126,0.776833173,0.756127675,0.738426627,0.723545041,0.711223256,0.700810821,0.691880733,0.684217845,0.677184094,0.670706384,0.664762747,0.659442232,0.655035027,0.651301357,0.647887845,0.644419909,0.640553848,0.636026899,0.630696834,0.624551809,0.617690698,0.610297148,0.602605312,0.594855359,0.587267486,0.579997345,0.573133001,0.566698941,0.560665852,0.554963078,0.549497345,0.544169302,0.538888863,0.533576906,0.528112665,0.522463578,0.516628527,0.510634345,0.504529799,0.498374729,0.492228228,0.486137134,0.480125617,0.474190256,0.468327915,0.462537704,0.456818744,0.451170168,0.445591117,0.440080742,0.434638207,0.429262683,0.423953354,0.41870941,0.413530054,0.408414497,0.403361959,0.398371671,0.393442872,0.388574811,0.383766745,0.379017941,0.374327674,0.369695227,0.365119894,0.360600976,0.356137782,0.35172963,0.347375846,0.343075765,0.338828728,0.334634087,0.330491198,0.326399428,0.322358151,0.318366746,0.314424604,0.31053112,0.306685697,0.302887745,0.299136682,0.295431934,0.29177293,0.288159111,0.284589921,0.281064813,0.277583244,0.274144681,0.270748595,0.267394465,0.264081774,0.260810014,0.257578681,0.25438728,0.251235318,0.248122311,0.24504778,0.242011252,0.239012259,0.23605034,0.233125038,0.230235904,0.227382491,0.224564361,0.221781079,0.219032216,0.216317349,0.213636058,0.210987931,0.208372558,0.205789538,0.20323847,0.200718962,0.198230624,0.195773073,0.193345929,0.190948817,0.188581367,0.186243215,0.183933997,0.181653359,0.179400946,0.177176412,0.174979413,0.172809608,0.170666663,0.168550246,0.166460029,0.16439569,0.16235691,0.160343372,0.158354766,0.156390783,0.154451121,0.152535477,0.150643557,0.148775067,0.146929717,0.145107223
72,1.014822136,0.98523504,0.953951761,0.921482157,0.888529059,0.856505577,0.826381379,0.798929302,0.77440597,0.75289923,0.734749508,0.719771608,0.70759147,0.697387134,0.688552656,0.680783343,0.673426089,0.666408903,0.659736632,0.653578828,0.648381198,0.644056871,0.640353808,0.636927802,0.633419336,0.629502657,0.624932367,0.619579669,0.613440183,0.606614013,0.5992804,0.591664945,0.583997546,0.5764896,0.569288168,0.5624755,0.556073656,0.550054483,0.54435198,0.538880266,0.533549236,0.528268557,0.522957609,0.517502177,0.51187653,0.506084807,0.50015692,0.494141895,0.4880969,0.482075531,0.476116559,0.470233864,0.464423464,0.458684481,0.453016046,0.447417302,0.4418874,0.436425502,0.431030781,0.425702418,0.420439606,0.415241545,0.410107448,0.405036533,0.400028032,0.395081182,0.390195232,0.385369439,0.380603069,0.375895397,0.371245705,0.366653286,0.362117441,0.357637479,0.353212715,0.348842477,0.344526098,0.340262918,0.336052288,0.331893564,0.327786112,0.323729305,0.319722522,0.315765152,0.311856589,0.307996235,0.304183501,0.300417803,0.296698564,0.293025216,0.289397196,0.285813949,0.282274925,0.278779582,0.275327385,0.271917804,0.268550316,0.265224406,0.261939563,0.258695282,0.255491066,0.252326424,0.249200868,0.24611392,0.243065104,0.240053953,0.237080004,0.234142799,0.231241887,0.228376823,0.225547164,0.222752477,0.219992331,0.217266301,0.214573967,0.211914916,0.209288738,0.206695028,0.204133387,0.20160342,0.199104737,0.196636953,0.194199689,0.191792567,0.189415218,0.187067273,0.184748372,0.182458156,0.180196272,0.177962371,0.175756109,0.173577144,0.17142514,0.169299765,0.167200691,0.165127593,0.163080151,0.161058049,0.159060975,0.157088619,0.155140678,0.153216849,0.151316835,0.149440343,0.147587082,0.145756766,0.143949112
73,1.013787409,0.986251681,0.956448954,0.924813493,0.892063593,0.859676622,0.828776765,0.800297254,0.774659714,0.752116139,0.733166179,0.717731333,0.705440644,0.695365076,0.686730427,0.679054651,0.671596986,0.664267309,0.657071552,0.650205288,0.644191415,0.639101174,0.634831997,0.63113412,0.627673514,0.624106005,0.620123442,0.615497037,0.610110495,0.603966045,0.597164422,0.589880213,0.582330566,0.574735488,0.567298103,0.560157465,0.553390571,0.547017535,0.541011715,0.535311957,0.529839814,0.524503888,0.519212177,0.513891893,0.508435187,0.502822752,0.49706356,0.491190173,0.48525148,0.479301617,0.473388359,0.467542096,0.461768361,0.456065508,0.450432677,0.444869019,0.439373693,0.433945872,0.428584733,0.423289468,0.418059275,0.412893364,0.407790954,0.402751271,0.397773553,0.392857046,0.388001004,0.383204692,0.378467381,0.373788355,0.369166901,0.364602319,0.360093915,0.355641004,0.35124291,0.346898964,0.342608505,0.33837088,0.334185445,0.330051562,0.325968602,0.321935942,0.317952968,0.314019073,0.310133657,0.306296128,0.302505899,0.298762393,0.295065038,0.291413269,0.287806528,0.284244264,0.280725933,0.277250997,0.273818925,0.27042919,0.267081276,0.263774669,0.260508863,0.257283358,0.25409766,0.250951281,0.247843739,0.244774557,0.241743265,0.238749399,0.235792497,0.232872109,0.229987784,0.22713908,0.22432556,0.221546792,0.218802349,0.216091809,0.213414756,0.210770778,0.20815947,0.205580428,0.203033258,0.200517567,0.198032967,0.195579078,0.19315552,0.190761921,0.188397913,0.18606313,0.183757215,0.181479811,0.179230567,0.177009138,0.17481518,0.172648355,0.17050833,0.168394774,0.166307361,0.16424577,0.162209681,0.160198782,0.158212761,0.156251313,0.154314134,0.152400924,0.15051139,0.148645239,0.146802182,0.144981935,0.143184217
74,1.012601059,0.987419865,0.959588285,0.92935877,0.897379026,0.865149073,0.833859219,0.804594222,0.777930132,0.754278394,0.73429771,0.718064561,0.705314055,0.695123574,0.686614447,0.679138157,0.671778212,0.664355314,0.656857378,0.649481214,0.642775091,0.636891011,0.631883177,0.627644488,0.623928805,0.620413026,0.616768391,0.612703921,0.608006689,0.602572088,0.5964083,0.589616343,0.582366152,0.57486678,0.567328941,0.559948207,0.552856353,0.546125801,0.539775287,0.533780105,0.528084215,0.522605881,0.517250769,0.511934624,0.506592007,0.501121256,0.495509098,0.489768951,0.483935632,0.478057526,0.472185393,0.466360843,0.46060554,0.454920798,0.449305764,0.443759594,0.438281454,0.43287052,0.427525979,0.422247025,0.417032864,0.411882711,0.406795788,0.401771328,0.396808574,0.391906776,0.387065195,0.382283098,0.377559763,0.372894476,0.368286531,0.363735231,0.359239887,0.354799817,0.35041435,0.34608282,0.341804571,0.337578954,0.333405328,0.329283058,0.32521152,0.321190095,0.317218171,0.313295145,0.30942042,0.305593407,0.301813524,0.298080195,0.294392851,0.290750932,0.287153881,0.283601152,0.280092202,0.276626496,0.273203505,0.269822708,0.266483587,0.263185634,0.259928344,0.25671122,0.25353377,0.250395509,0.247295956,0.244234637,0.241211085,0.238224836,0.235275434,0.232362426,0.229485368,0.226643817,0.223837338,0.221065502,0.218327884,0.215624064,0.212953626,0.210316162,0.207711267,0.20513854,0.202597588,0.200088019,0.197609449,0.195161497,0.192743786,0.190355945,0.187997607,0.18566841,0.183367995,0.181096008,0.1788521,0.176635926,0.174447145,0.172285419,0.170150416,0.168041808,0.165959269,0.163902478,0.16187112,0.15986488,0.15788345,0.155926524,0.1539938,0.152084981,0.150199772,0.148337883,0.146499025,0.144682916,0.142889275
75,1.011393586,0.98861168,0.963052991,0.93471021,0.904056032,0.872530823,0.841351931,0.811671619,0.784212012,0.75953434,0.738453651,0.721199332,0.707658277,0.697013066,0.688392761,0.681045913,0.673889693,0.666569178,0.658983691,0.651312796,0.644107183,0.637547325,0.631769783,0.626819432,0.622586159,0.618828664,0.615235419,0.611493153,0.607327692,0.602541364,0.597040628,0.590839176,0.584038159,0.57680306,0.569335336,0.561837129,0.554497262,0.547441037,0.540737039,0.534403251,0.528417401,0.522717466,0.517216554,0.511827128,0.506472257,0.501093414,0.495594971,0.489969348,0.484234045,0.478425767,0.47259203,0.466779849,0.461024288,0.45533864,0.449722606,0.444175346,0.43869603,0.433283837,0.427937957,0.422657588,0.417441939,0.412290227,0.407201679,0.40217553,0.397211026,0.392307419,0.387463974,0.382679959,0.377954656,0.373287353,0.368677346,0.364123941,0.359626449,0.355184194,0.350796504,0.346462717,0.342182177,0.337954238,0.333778261,0.329653613,0.32557967,0.321555817,0.317581442,0.313655944,0.309778728,0.305949207,0.302166798,0.298430928,0.29474103,0.291096544,0.287496915,0.283941598,0.28043005,0.276961739,0.273536137,0.270152722,0.26681098,0.2635104,0.260250482,0.257030727,0.253850646,0.250709753,0.247607569,0.244543621,0.241517441,0.238528568,0.235576545,0.23266092,0.22978125,0.226937092,0.224128014,0.221353584,0.21861338,0.215906981,0.213233973,0.210593947,0.207986499,0.20541123,0.202867745,0.200355654,0.197874572,0.195424119,0.19300392,0.190613602,0.188252799,0.18592115,0.183618295,0.181343882,0.179097561,0.176878988,0.174687821,0.172523724,0.170386364,0.168275413,0.166190545,0.164131442,0.162097785,0.160089261,0.158105563,0.156146385,0.154211424,0.152300383,0.150412969,0.148548889,0.146707857,0.14488959,0.143093807
76,1.010299135,0.989694411,0.966460647,0.940306401,0.911451545,0.881174957,0.850641633,0.821034458,0.793140117,0.767661996,0.745563863,0.727223636,0.712676476,0.701252523,0.692186465,0.684735794,0.677713531,0.670599433,0.663117915,0.655361406,0.647865828,0.640815724,0.634378978,0.628681512,0.62376022,0.619503457,0.615675982,0.611978582,0.608113715,0.603823867,0.598926253,0.593338003,0.587078063,0.580247699,0.573008205,0.565553966,0.558079247,0.550766884,0.543736483,0.537053512,0.530735845,0.52475194,0.519031702,0.513493381,0.508055956,0.502649464,0.4972219,0.491683611,0.486032403,0.480289516,0.474493173,0.468689629,0.462921739,0.457217564,0.451583108,0.446017536,0.440520017,0.435089733,0.429725874,0.424427642,0.419194245,0.414024902,0.40891884,0.403875297,0.398893517,0.393972757,0.389112278,0.384311353,0.379569262,0.374885294,0.370258746,0.365688924,0.361175142,0.35671672,0.35231299,0.347963287,0.343666959,0.339423358,0.335231844,0.331091786,0.327002561,0.32296355,0.318974146,0.315033744,0.311141751,0.307297579,0.303500645,0.299750376,0.296046204,0.29238757,0.288773919,0.285204703,0.281679382,0.278197421,0.274758293,0.271361475,0.268006452,0.264692716,0.261419761,0.258187092,0.254994218,0.251840651,0.248725914,0.245649532,0.242611037,0.239609966,0.236645863,0.233718276,0.230826758,0.227970869,0.225150174,0.222364242,0.219612649,0.216894974,0.214210802,0.211559724,0.208941334,0.206355233,0.203801025,0.20127832,0.198786732,0.19632588,0.193895388,0.191494883,0.189123997,0.186782369,0.184469639,0.182185453,0.179929461,0.177701317,0.17550068,0.173327211,0.171180579,0.169060453,0.166966508,0.164898422,0.162855879,0.160838565,0.158846169,0.156878385,0.154934912,0.15301545,0.151119705,0.149247385,0.147398202,0.145571872,0.143768113
77,1.009396346,0.99058931,0.96946921,0.94556188,0.918808593,0.890249284,0.86089727,0.831889278,0.804040699,0.778117836,0.75522711,0.735885981,0.720272107,0.707856949,0.698022837,0.690134193,0.683010805,0.676030702,0.66875321,0.661097508,0.653515859,0.646177989,0.63925883,0.632916358,0.62726687,0.622340598,0.618025865,0.614094827,0.610261531,0.606244672,0.601803531,0.596770109,0.591072009,0.584733292,0.577855354,0.570595511,0.563141485,0.555680216,0.548389157,0.541382864,0.534724329,0.528418741,0.522422992,0.51666999,0.511083026,0.505587392,0.500119814,0.494634486,0.489047777,0.483362599,0.4776036,0.471810117,0.466026708,0.460291582,0.454624701,0.449026965,0.443497545,0.438035622,0.432640387,0.42731104,0.422046791,0.416846857,0.411710467,0.406636856,0.40162527,0.396674962,0.391785197,0.386955244,0.382184384,0.377471904,0.372817102,0.368219281,0.363677756,0.359191845,0.354760879,0.350384193,0.346061133,0.34179105,0.337573304,0.333407262,0.329292299,0.325227796,0.321213144,0.317247738,0.313330982,0.309462287,0.30564107,0.301866755,0.298138775,0.294456566,0.290819574,0.287227249,0.28367905,0.28017444,0.276712891,0.273293878,0.269916884,0.2665814,0.26328692,0.260032944,0.256818982,0.253644544,0.250509151,0.247412326,0.244353601,0.24133251,0.238348596,0.235401404,0.232490488,0.229615404,0.226775717,0.223970993,0.221200807,0.218464737,0.215762365,0.213093282,0.210457079,0.207853356,0.205281715,0.202741765,0.200233118,0.197755391,0.195308207,0.192891191,0.190503974,0.188146193,0.185817486,0.183517497,0.181245876,0.179002275,0.17678635,0.174597763,0.172436178,0.170301265,0.168192697,0.166110151,0.164053307,0.162021852,0.160015472,0.158033861,0.156076715,0.154143734,0.152234621,0.150349083,0.148486831,0.146647578,0.144831043
78,1.008728316,0.99125254,0.971881574,0.950024402,0.925441462,0.898906164,0.871203883,0.843328353,0.816048947,0.790160012,0.766834057,0.746721026,0.730130864,0.716667957,0.705855736,0.697207814,0.689648178,0.682565929,0.675418814,0.667962273,0.660479135,0.653053921,0.645849409,0.639032384,0.632751514,0.627114424,0.622145959,0.61773593,0.613665337,0.609662618,0.605463426,0.6008442,0.595651809,0.589824259,0.583390631,0.576452438,0.569163139,0.561704064,0.554255223,0.546989116,0.540015783,0.5333821,0.527078056,0.521060973,0.515266828,0.509623917,0.504063706,0.498529391,0.492981083,0.487341331,0.481617883,0.475838441,0.470043028,0.464274004,0.458564382,0.452924271,0.447352842,0.441849276,0.436412763,0.431042502,0.425737702,0.420497579,0.415321361,0.410208282,0.405157586,0.400168527,0.395240366,0.390372372,0.385563824,0.380814008,0.37612222,0.371487763,0.366909947,0.362388092,0.357921525,0.35350958,0.349151601,0.344846937,0.340594947,0.336394995,0.332246454,0.328148705,0.324101134,0.320103136,0.316154113,0.312253473,0.308400631,0.30459501,0.30083604,0.297123154,0.293455798,0.289833418,0.286255471,0.282721419,0.279230729,0.275782877,0.272377344,0.269013615,0.265691184,0.262409551,0.259168219,0.2559667,0.252804509,0.24968117,0.246596211,0.243549164,0.240539569,0.237566971,0.234630919,0.231730969,0.228866681,0.226037622,0.223243362,0.220483478,0.217757551,0.215065166,0.212405916,0.209779395,0.207185206,0.204622954,0.202092248,0.199592705,0.197123944,0.194685588,0.192277267,0.189898615,0.187549267,0.185228867,0.182937061,0.180673499,0.178437835,0.17622973,0.174048844,0.171894847,0.169767408,0.167666202,0.165590909,0.163541211,0.161516795,0.159517352,0.157542574,0.155592161,0.153665813,0.151763235,0.149884137,0.14802823,0.146195231
79,1.008300745,0.991677501,0.973610445,0.953461132,0.930873061,0.906446221,0.88071015,0.854440847,0.828267516,0.802939659,0.779662386,0.759142547,0.741814315,0.727402479,0.715562405,0.705950373,0.697636197,0.690119556,0.682869808,0.675542136,0.668259227,0.660933105,0.653643475,0.646547431,0.639803721,0.633552243,0.627892842,0.622846197,0.618305121,0.614060946,0.60985773,0.605448921,0.60062859,0.595258655,0.58928752,0.582749217,0.57574535,0.5684256,0.560965108,0.553537275,0.546310003,0.539373988,0.532757247,0.526447559,0.520402852,0.514562268,0.508859108,0.503230914,0.497627159,0.492013617,0.486319242,0.48055635,0.474755327,0.46895641,0.463199223,0.457509199,0.451888291,0.446335679,0.440850551,0.435432105,0.43007955,0.4247921,0.419568981,0.414409427,0.40931268,0.404277992,0.399304622,0.394391839,0.38953892,0.384745148,0.380009818,0.375332229,0.370711692,0.366147524,0.361639049,0.3571856,0.352786517,0.34844115,0.344148852,0.339908988,0.335720927,0.331584048,0.327497734,0.323461379,0.31947438,0.315536145,0.311646087,0.307803624,0.304008184,0.3002592,0.296556111,0.292898365,0.289285414,0.285716717,0.28219174,0.278709955,0.27527084,0.271873879,0.268518562,0.265204386,0.261930853,0.258697471,0.255503753,0.25234922,0.249233397,0.246155813,0.243116007,0.240113519,0.237147897,0.234218694,0.231325467,0.22846778,0.2256452,0.222857303,0.220103665,0.217383871,0.214697509,0.212044172,0.209423459,0.206834973,0.204278321,0.201753116,0.199258975,0.19679552,0.194362376,0.191959174,0.18958555,0.187241142,0.184925594,0.182638554,0.180379675,0.178148613,0.175945028,0.173768584,0.17161895,0.1694958,0.167398808,0.165327656,0.163282027,0.16126161,0.159266097,0.157295182,0.155348565,0.153425949,0.151527039,0.149651547,0.147799184
80,1.008091744,0.99188536,0.974670283,0.955812094,0.934905251,0.91243664,0.88877013,0.864436313,0.839851961,0.815629962,0.792936982,0.772504431,0.754815637,0.739705808,0.72694858,0.716333237,0.707067885,0.698806163,0.691129193,0.683705431,0.676560756,0.669442742,0.662259143,0.655087278,0.648078172,0.641382637,0.635132313,0.629420116,0.624263745,0.619560495,0.615113514,0.610683714,0.606043206,0.601004212,0.595443931,0.589321215,0.582675039,0.575607133,0.568263532,0.560813452,0.553424064,0.546242507,0.539337114,0.532731068,0.526410164,0.520333123,0.514442362,0.508676199,0.502978161,0.497303811,0.491624327,0.485875349,0.480073482,0.474251403,0.468449069,0.462702785,0.457026098,0.451418187,0.445878239,0.440405453,0.434999034,0.429658197,0.424382167,0.419170175,0.414021463,0.40893528,0.403910885,0.398947543,0.394044531,0.389201131,0.384416633,0.379690338,0.375021552,0.37040959,0.365853776,0.361353438,0.356907917,0.352516556,0.34817871,0.343893739,0.339661011,0.335479902,0.331349792,0.327270072,0.323240139,0.319259395,0.315327251,0.311443124,0.307606438,0.303816624,0.300073117,0.296375363,0.292722811,0.289114917,0.285551144,0.282030962,0.278553845,0.275119274,0.271726737,0.268375728,0.265065745,0.261796294,0.258566885,0.255377036,0.252226267,0.249114108,0.246040091,0.243003756,0.240004646,0.237042312,0.234116308,0.231226194,0.228371537,0.225551906,0.222766876,0.22001603,0.217298951,0.214615231,0.211964464,0.209346251,0.206760197,0.204205911,0.201683008,0.199191105,0.196729826,0.194298799,0.191897656,0.189526034,0.187183573,0.184869919,0.18258472,0.180327631,0.178098308,0.175896414,0.173721615,0.17157358,0.169451982,0.167356501,0.165286816,0.163242614,0.161223582,0.159229416,0.157259809,0.155314464,0.153393082,0.151495373,0.149621045
81,1.00802466,0.991952094,0.975181723,0.957192814,0.937581369,0.916785758,0.895062485,0.872784474,0.850130098,0.827505579,0.805949512,0.786149421,0.76860611,0.753189623,0.739780375,0.72828605,0.71804192,0.708849151,0.700444559,0.692610642,0.685390131,0.678427163,0.671458872,0.664390531,0.657294779,0.650314908,0.643593288,0.63725383,0.631383975,0.626000796,0.621009329,0.616228475,0.611440415,0.606440674,0.601064676,0.595210192,0.588852014,0.582039737,0.574881072,0.56752447,0.560119314,0.552791323,0.545663152,0.538795762,0.532207705,0.525883063,0.519781617,0.513849277,0.508029501,0.502271801,0.49653771,0.490803593,0.485012201,0.479184094,0.473353772,0.467560306,0.461833172,0.456175201,0.45058558,0.445063509,0.439608195,0.434218852,0.428894705,0.423634986,0.418438938,0.41330581,0.40823486,0.403225354,0.398276566,0.39338778,0.388558286,0.383787382,0.379074375,0.374418579,0.369819316,0.365275915,0.360787714,0.356354057,0.351974296,0.347647791,0.343373907,0.33915202,0.334981509,0.330861762,0.326792175,0.322772149,0.318801092,0.314878421,0.311003557,0.307175929,0.303394971,0.299660127,0.295970843,0.292326574,0.288726782,0.285170932,0.281658498,0.27818896,0.274761802,0.271376515,0.268032597,0.264729551,0.261466884,0.258244112,0.255060754,0.251916337,0.24881039,0.245742451,0.242712061,0.239718768,0.236762125,0.233841689,0.230957023,0.228107695,0.22529328,0.222513353,0.2197675,0.217055307,0.214376369,0.211730281,0.209116648,0.206535075,0.203985174,0.201466563,0.198978861,0.196521694,0.194094692,0.191697488,0.189329722,0.186991035,0.184681076,0.182399494,0.180145945,0.177920089,0.175721589,0.173550112,0.17140533,0.169286918,0.167194555,0.165127924,0.163086712,0.161070609,0.15907931,0.157112512,0.155169916,0.153251228,0.151356156
82,1.007927405,0.99204886,0.975461834,0.957959493,0.939247166,0.919762791,0.89971814,0.879384998,0.858790289,0.838109073,0.818183678,0.799571958,0.782725595,0.767517802,0.753859085,0.741762712,0.730674665,0.720532892,0.711223721,0.70268829,0.695087476,0.688076079,0.681279654,0.674431802,0.667437748,0.660366589,0.653355183,0.646539397,0.640037929,0.633935763,0.628252858,0.622905968,0.617733933,0.612544357,0.607160168,0.601443764,0.595317063,0.588774242,0.581878929,0.574723376,0.56741029,0.560059214,0.5527856,0.545703851,0.538867816,0.532291692,0.525958096,0.51982806,0.513851073,0.507975713,0.502157345,0.49636324,0.490574645,0.484741738,0.47888872,0.473051482,0.467267678,0.46155346,0.455908019,0.450330555,0.444820275,0.439376396,0.433998143,0.428684749,0.423435456,0.418249514,0.413126181,0.408064724,0.403064417,0.398124543,0.393244391,0.38842326,0.383660456,0.378955292,0.37430709,0.369715177,0.36517889,0.360697574,0.356270577,0.35189726,0.347576986,0.343309129,0.339093067,0.334928187,0.330813882,0.326749553,0.322734606,0.318768455,0.31485052,0.310980228,0.307157012,0.303380311,0.299649573,0.295964248,0.292323797,0.288727682,0.285175376,0.281666356,0.278200103,0.274776108,0.271393864,0.268052872,0.264752639,0.261492676,0.258272501,0.255091636,0.251949611,0.24884596,0.245780221,0.24275194,0.239760667,0.236805957,0.23388737,0.231004471,0.228156832,0.225344028,0.222565639,0.219821251,0.217110454,0.214432843,0.211788017,0.209175582,0.206595145,0.204046321,0.201528728,0.199041989,0.19658573,0.194159583,0.191763183,0.189396172,0.187058192,0.184748893,0.182467927,0.18021495,0.177989625,0.175791614,0.173620588,0.171476219,0.169358182,0.16726616,0.165199835,0.163158896,0.161143034,0.159151945,0.157185327,0.155242883,0.153324318
83,1.007674955,0.992300126,0.975967158,0.958706529,0.940529652,0.921978812,0.903267656,0.884627566,0.865989989,0.847384783,0.829434515,0.812503262,0.796910705,0.782467774,0.769082298,0.756795313,0.745148542,0.734200088,0.723975057,0.714567682,0.706302571,0.698947998,0.692129242,0.68546158,0.678680588,0.6716946,0.664571436,0.657444115,0.650445318,0.643692481,0.637272646,0.631213707,0.625449643,0.619844951,0.614238361,0.608485762,0.60248189,0.596178035,0.589561722,0.582650605,0.575507934,0.568228112,0.560920589,0.553690801,0.546645075,0.539830449,0.533257059,0.526906303,0.520740632,0.514713183,0.508777604,0.502894949,0.497037967,0.491192473,0.48531639,0.479437253,0.473591921,0.467812347,0.462102043,0.45646021,0.450886057,0.4453788,0.439937668,0.434561893,0.429250717,0.424003392,0.418819176,0.413697335,0.408637144,0.403637885,0.398698847,0.393819329,0.388998636,0.38423608,0.379530982,0.37488267,0.370290478,0.365753749,0.361271832,0.356844085,0.35246987,0.34814856,0.343879531,0.339662168,0.335495863,0.331380013,0.327314024,0.323297308,0.319329282,0.315409371,0.311537005,0.307711623,0.303932668,0.30019959,0.296511846,0.292868896,0.28927021,0.285715262,0.282203533,0.278734508,0.275307679,0.271922544,0.268578607,0.265275377,0.262012368,0.2587891,0.2556051,0.252459898,0.249353031,0.24628404,0.243252473,0.240257882,0.237299825,0.234377863,0.231491564,0.228640501,0.225824252,0.223042397,0.220294526,0.217580229,0.214899104,0.212250751,0.209634776,0.207050791,0.204498409,0.201977251,0.199486941,0.197027107,0.194597381,0.192197401,0.189826807,0.187485246,0.185172366,0.182887822,0.180631271,0.178402374,0.176200798,0.174026213,0.171878291,0.16975671,0.167661151,0.165591299,0.163546843,0.161527474,0.15953289,0.157562789,0.155616875
84,1.007210651,0.992762585,0.976992668,0.960047603,0.942170517,0.924201084,0.906457119,0.889174694,0.872249439,0.855621124,0.839777148,0.824867484,0.811018776,0.797898853,0.785346829,0.773397646,0.761608794,0.750143029,0.739147463,0.728859331,0.719762836,0.711787308,0.704659672,0.697981727,0.691367995,0.684562376,0.677480963,0.670194487,0.662836857,0.655543118,0.648435719,0.641610679,0.63511132,0.628896814,0.622865501,0.616895435,0.610883542,0.604725309,0.59832597,0.591647952,0.584708183,0.577564855,0.570304199,0.563025836,0.555825501,0.548801666,0.541994892,0.535411552,0.529032072,0.522820482,0.516733608,0.5107301,0.504776517,0.498850811,0.492943033,0.487019204,0.481109894,0.475252506,0.46946498,0.463746516,0.458096326,0.452513629,0.446997651,0.441547628,0.436162802,0.430842424,0.425585752,0.420392054,0.415260604,0.410190682,0.405181579,0.400232592,0.395343024,0.390512188,0.385739403,0.381023996,0.3763653,0.371762655,0.367215411,0.362722921,0.358284548,0.353899661,0.349567635,0.345287853,0.341059704,0.336882583,0.332755894,0.328679046,0.324651453,0.320672538,0.31674173,0.312858462,0.309022175,0.305232317,0.301488341,0.297789706,0.294135877,0.290526325,0.286960528,0.283437968,0.279958134,0.276520521,0.273124629,0.269769962,0.266456033,0.263182359,0.259948461,0.256753868,0.253598111,0.25048073,0.247401268,0.244359273,0.2413543,0.238385906,0.235453657,0.232557121,0.229695871,0.226869487,0.224077552,0.221319653,0.218595385,0.215904344,0.213246133,0.210620359,0.208026633,0.205464571,0.202933793,0.200433924,0.197964593,0.195525433,0.193116082,0.190736181,0.188385377,0.186063318,0.183769661,0.181504061,0.179266182,0.17705569,0.174872255,0.172715549,0.170585252,0.168481044,0.16640261,0.164349639,0.162321823,0.160318859,0.158340446
85,1.006580533,0.993390884,0.978606923,0.962287139,0.944787992,0.927174915,0.91005921,0.893781477,0.878245527,0.86335952,0.849529597,0.836776881,0.825017114,0.813716391,0.802564311,0.79152284,0.780129334,0.768570266,0.757098961,0.746079495,0.736147315,0.727390088,0.719684706,0.712716539,0.706077824,0.699392959,0.692422574,0.685097929,0.677500094,0.66977207,0.662060436,0.654502666,0.64721451,0.640266141,0.63365388,0.62732216,0.621149737,0.614978906,0.608681066,0.602170926,0.595415219,0.588429969,0.581268337,0.574008579,0.566740804,0.559551411,0.552531279,0.545714839,0.539105014,0.532681499,0.526410047,0.520251212,0.51416856,0.508133961,0.502130287,0.496151484,0.490172077,0.484225385,0.478344486,0.472533376,0.466791265,0.461117375,0.455510932,0.449971171,0.444497338,0.439088681,0.43374446,0.42846394,0.423246397,0.418091109,0.412997367,0.407964466,0.402991709,0.398078407,0.393223877,0.388427444,0.38368844,0.379006204,0.37438008,0.369809423,0.365293592,0.360831953,0.356423878,0.352068749,0.34776595,0.343514876,0.339314924,0.335165502,0.331066022,0.327015902,0.323014567,0.319061448,0.315155982,0.311297613,0.30748579,0.303719969,0.299999611,0.296324184,0.29269316,0.289106019,0.285562244,0.282061328,0.278602764,0.275186056,0.27181071,0.268476239,0.26518216,0.261927997,0.258713279,0.255537539,0.252400317,0.249301156,0.246239607,0.243215224,0.240227565,0.237276197,0.234360687,0.23148061,0.228635545,0.225825076,0.223048792,0.220306284,0.217597152,0.214920998,0.212277428,0.209666053,0.20708649,0.204538359,0.202021284,0.199534894,0.197078822,0.194652706,0.192256187,0.189888909,0.187550524,0.185240685,0.182959049,0.180705279,0.178479039,0.176279999,0.174107833,0.171962216,0.169842831,0.167749362,0.165681497,0.163638927,0.161621348
86,1.005915922,0.994054435,0.980593443,0.965324489,0.948516453,0.93134552,0.914646967,0.899051523,0.884568767,0.871118306,0.859082188,0.848406659,0.838882619,0.829758873,0.820517412,0.810965906,0.800552837,0.789451292,0.777938989,0.766491456,0.755880955,0.74635021,0.737933331,0.730452803,0.723576657,0.716907295,0.710094908,0.702929788,0.695369398,0.687515208,0.679529181,0.671579335,0.66382813,0.656421074,0.649465242,0.64294173,0.636717765,0.630639187,0.624562855,0.61837239,0.611990862,0.605388498,0.598580074,0.591613854,0.584560695,0.577502117,0.57051627,0.563687612,0.557045314,0.550589425,0.544299184,0.538142083,0.5320822,0.526087677,0.520135296,0.514212456,0.508316665,0.502431233,0.496592504,0.490819822,0.485112482,0.479469786,0.473891042,0.468375565,0.462922676,0.457531702,0.452201978,0.446932844,0.441723646,0.436573737,0.431482475,0.426449225,0.42147336,0.416554254,0.411691292,0.406883864,0.402131362,0.39743319,0.392788753,0.388197464,0.383658742,0.37917201,0.374736698,0.370352242,0.366018083,0.361733668,0.357498448,0.353311882,0.349173431,0.345082566,0.341038759,0.337041491,0.333090244,0.32918451,0.325323782,0.321507561,0.317735353,0.314006666,0.310321017,0.306677926,0.303076917,0.299517522,0.295999274,0.292521714,0.289084387,0.28568684,0.28232863,0.279009313,0.275728453,0.272485619,0.269280383,0.26611232,0.262981014,0.259886049,0.256827016,0.253803508,0.250815126,0.247861472,0.244942152,0.24205678,0.239204969,0.236386341,0.233600518,0.230847129,0.228125805,0.225436182,0.222777899,0.220150601,0.217553934,0.214987551,0.212451105,0.209944255,0.207466665,0.205017999,0.202597929,0.200206126,0.197842269,0.195506036,0.193197113,0.190915187,0.188659948,0.18643109,0.184228312,0.182051313,0.179899799,0.177773476,0.175672055
87,1.005402326,0.994567816,0.982500335,0.968615911,0.952919429,0.936500685,0.92030659,0.905189769,0.891447347,0.879106118,0.86856594,0.859754741,0.852393042,0.845600299,0.838636651,0.831097472,0.822259913,0.812213239,0.801221344,0.789788691,0.778810073,0.768667977,0.759547799,0.751409701,0.744044047,0.737121259,0.730271681,0.72318753,0.71570401,0.707819784,0.699672156,0.691458472,0.683385802,0.675660431,0.668399658,0.66160155,0.65519549,0.649061047,0.643058919,0.637060142,0.63096014,0.624689992,0.618223204,0.611573262,0.604783639,0.597918026,0.591049645,0.584248686,0.577593353,0.57110779,0.564789384,0.558617103,0.552560317,0.5465867,0.540668974,0.534788746,0.528937768,0.523116862,0.517319002,0.51157829,0.505899331,0.500281504,0.494724194,0.489226791,0.483788691,0.478409294,0.473088006,0.467824238,0.462617405,0.457466928,0.452372234,0.447332753,0.442347922,0.437417181,0.432539976,0.427715759,0.422943985,0.418224114,0.413555613,0.408937951,0.404370603,0.399853051,0.395384777,0.390965271,0.386594028,0.382270546,0.377994328,0.373764883,0.369581722,0.365444362,0.361352326,0.357305138,0.35330233,0.349343436,0.345427996,0.341555552,0.337725654,0.333937852,0.330191704,0.32648677,0.322822615,0.319198808,0.315614922,0.312070535,0.308565228,0.305098587,0.3016702,0.298279663,0.294926571,0.291610526,0.288331135,0.285088005,0.28188075,0.278708986,0.275572335,0.272470421,0.269402871,0.266369317,0.263369396,0.260402745,0.257469008,0.25456783,0.251698863,0.248861758,0.246056173,0.243281767,0.240538206,0.237825155,0.235142284,0.232489269,0.229865785,0.227271514,0.224706138,0.222169346,0.219660825,0.217180271,0.214727378,0.212301848,0.209903381,0.207531684,0.205186466,0.202867438,0.200574314,0.198306812,0.196064653,0.19384756,0.191655259
88,1.005209988,0.994760209,0.983779614,0.971340722,0.957077054,0.941817609,0.926427403,0.911870237,0.898662707,0.887116976,0.877744158,0.87049491,0.865076072,0.860534435,0.855998373,0.850837991,0.844101799,0.83571089,0.825843372,0.814993323,0.80409483,0.793652083,0.783986317,0.775190839,0.767180576,0.759740835,0.752570658,0.74535403,0.737850375,0.729964592,0.721761426,0.713439585,0.705258812,0.697393475,0.689907722,0.682840654,0.676189838,0.669891485,0.663837535,0.657903417,0.651974109,0.645956562,0.639789609,0.633449875,0.62694951,0.620327264,0.61363981,0.606952269,0.60032707,0.593836204,0.587498997,0.581310409,0.575249375,0.569287358,0.563395782,0.557552014,0.551742439,0.545963005,0.540217585,0.534509885,0.528860328,0.523268366,0.51773346,0.512255071,0.506832666,0.501465715,0.496153694,0.49089608,0.485692358,0.480542014,0.475444538,0.470399426,0.465406176,0.460464292,0.45557328,0.450732652,0.445941922,0.441200609,0.436508235,0.431864327,0.427268416,0.422720036,0.418218725,0.413764025,0.409355482,0.404992645,0.400675069,0.396402309,0.392173928,0.38798949,0.383848563,0.379750719,0.375695535,0.371682589,0.367711465,0.363781748,0.359893031,0.356044905,0.352236969,0.348468824,0.344740074,0.341050327,0.337399194,0.333786291,0.330211235,0.326673648,0.323173155,0.319709385,0.316281969,0.312890543,0.309534745,0.306214216,0.302928602,0.29967755,0.296460713,0.293277744,0.290128301,0.287012046,0.283928642,0.280877756,0.277859059,0.274872223,0.271916926,0.268992845,0.266099665,0.263237069,0.260404747,0.257602389,0.254829689,0.252086344,0.249372054,0.246686522,0.244029453,0.241400556,0.23879954,0.236226121,0.233680015,0.23116094,0.228668619,0.226202776,0.223763139,0.221349438,0.218961404,0.216598773,0.214261282,0.211948672,0.209660685
89,1.005397467,0.994572675,0.984033524,0.972726663,0.959945969,0.946152519,0.93195827,0.918247591,0.905646815,0.894684609,0.886156918,0.88012876,0.876334204,0.873806472,0.871601258,0.868955928,0.864680597,0.858469571,0.850329591,0.840670708,0.830425639,0.820128588,0.810216692,0.800904331,0.792229788,0.78410002,0.776333146,0.768695746,0.760965223,0.753008324,0.744839951,0.736631918,0.72855471,0.720688347,0.713104369,0.70585901,0.698986283,0.692483505,0.686293917,0.680321927,0.67445767,0.668599936,0.662667025,0.656605347,0.650394522,0.644045323,0.637591814,0.631083744,0.624578264,0.618130172,0.611805174,0.605617989,0.599561428,0.593614702,0.587751661,0.581947703,0.576184955,0.570454558,0.564756486,0.559097364,0.55348718,0.547930947,0.542428196,0.536978457,0.531581267,0.526236164,0.52094269,0.51570039,0.510508811,0.505367505,0.500276026,0.49523393,0.490240778,0.485296134,0.480399564,0.475550638,0.470748928,0.465994009,0.461285462,0.456622867,0.45200581,0.447433878,0.442906663,0.438423759,0.433984763,0.429589274,0.425236897,0.420927236,0.416659902,0.412434506,0.408250664,0.404107993,0.400006115,0.395944654,0.391923236,0.387941491,0.383999052,0.380095554,0.376230637,0.372403941,0.368615111,0.364863793,0.361149638,0.357472299,0.35383143,0.350226691,0.346657742,0.343124248,0.339625874,0.336162291,0.332733171,0.329338187,0.325977019,0.322649346,0.319354851,0.316093219,0.312864139,0.309667302,0.3065024,0.303369131,0.300267192,0.297196284,0.294156113,0.291146382,0.288166803,0.285217085,0.282296942,0.279406092,0.276544251,0.273711142,0.270906489,0.268130016,0.265381452,0.262660529,0.259966979,0.257300538,0.254660943,0.252047934,0.249461255,0.246900649,0.244365864,0.241856648,0.239372754,0.236913934,0.234479946,0.232070546,0.229685494
90,1.005844071,0.994126224,0.983271765,0.972452462,0.960837263,0.948548903,0.93584194,0.923353562,0.911632674,0.90131479,0.893409136,0.888264882,0.885733691,0.884878288,0.884742745,0.884492857,0.882798108,0.879115868,0.873222908,0.865358263,0.856377579,0.846790764,0.837055015,0.827492854,0.818260437,0.809393338,0.800846029,0.792528052,0.784335082,0.776201688,0.768167269,0.760247022,0.752401232,0.744672916,0.737131547,0.729839028,0.722843844,0.716175122,0.709830131,0.703759309,0.697879602,0.692095804,0.686320393,0.680482843,0.674536984,0.668465325,0.66227723,0.656002118,0.649682912,0.643368917,0.637107419,0.63095771,0.624930145,0.619015725,0.61319432,0.607442525,0.601739988,0.596073731,0.59043962,0.584841447,0.579288232,0.573785165,0.568331843,0.562927865,0.557572834,0.552266355,0.547008032,0.541797476,0.536634297,0.531518109,0.526448527,0.521425168,0.516447654,0.511515607,0.506628651,0.501786413,0.496988523,0.492234612,0.487524315,0.482857267,0.478233107,0.473651476,0.469112018,0.464614377,0.460158202,0.455743143,0.451368851,0.447034983,0.442741194,0.438487145,0.434272496,0.430096913,0.42596006,0.421861607,0.417801225,0.413778586,0.409793365,0.405845242,0.401933894,0.398059005,0.39422026,0.390417343,0.386649946,0.382917758,0.379220473,0.375557786,0.371929397,0.368335003,0.364774309,0.361247018,0.357752836,0.354291474,0.35086264,0.34746605,0.344101418,0.340768461,0.337466899,0.334196454,0.330956849,0.327747811,0.324569067,0.321420349,0.318301387,0.315211916,0.312151673,0.309120396,0.306117825,0.303143703,0.300197775,0.297279786,0.294389487,0.291526626,0.288690957,0.285882234,0.283100213,0.280344653,0.277615315,0.27491196,0.272234353,0.26958226,0.266955449,0.26435369,0.261776754,0.259224415,0.25669645,0.254192634,0.251712747
91,1.006249503,0.993721276,0.982035481,0.970952147,0.959859852,0.948751925,0.937555693,0.92656014,0.916074064,0.906655467,0.89941593,0.894915728,0.893290196,0.893722728,0.89528968,0.897147471,0.897890824,0.89683801,0.893526875,0.887966468,0.88084666,0.872555845,0.863508733,0.854055824,0.844470935,0.834928508,0.825545748,0.816415713,0.807636423,0.799335138,0.791470769,0.783832884,0.776296621,0.768827569,0.761462269,0.754259745,0.747272432,0.740541272,0.734090715,0.727918151,0.721981275,0.7162095,0.710522095,0.704844975,0.69911854,0.693303828,0.687386124,0.681373378,0.67529045,0.66917359,0.663064438,0.657002946,0.651041863,0.645187491,0.639429429,0.633748649,0.628124901,0.622542376,0.616993123,0.611477669,0.606003364,0.600575241,0.595192963,0.589856194,0.5845646,0.579317848,0.574115606,0.568957546,0.563843338,0.558772656,0.553745174,0.54876057,0.543818521,0.538918707,0.534060808,0.529244509,0.524469493,0.519735445,0.515042055,0.510389011,0.505776004,0.501202727,0.496668874,0.492174141,0.487718226,0.483300827,0.478921647,0.474580386,0.470276751,0.466010446,0.46178118,0.457588661,0.453432601,0.449312713,0.445228712,0.441180312,0.437167233,0.433189193,0.429245915,0.425337121,0.421462535,0.417621885,0.413814897,0.410041303,0.406300833,0.402593221,0.398918202,0.395275511,0.391664888,0.388086073,0.384538806,0.381022832,0.377537895,0.374083742,0.370660122,0.367266784,0.363903481,0.360569965,0.357265992,0.353991318,0.350745701,0.347528903,0.344340684,0.341180807,0.338049038,0.334945144,0.331868891,0.328820051,0.325798395,0.322803695,0.319835726,0.316894265,0.313979089,0.311089977,0.308226712,0.305389075,0.30257685,0.299789824,0.297027782,0.294290515,0.291577813,0.288889467,0.286225271,0.28358502,0.28096851,0.278375539,0.275805908
92,1.005732827,0.994237392,0.981785156,0.969916274,0.958593523,0.948016389,0.937989691,0.928485011,0.919474992,0.911282058,0.90493843,0.901106004,0.900128755,0.901474473,0.904341629,0.907920561,0.910795875,0.912211074,0.911564036,0.908625052,0.903858659,0.897408938,0.889539177,0.880589667,0.870901937,0.860819978,0.850672325,0.840807088,0.831617195,0.823227921,0.815428426,0.808000992,0.800767436,0.793622631,0.786537588,0.779542558,0.772686409,0.766012443,0.759554378,0.753332248,0.747343692,0.741553551,0.735903377,0.730326452,0.724761647,0.719159849,0.713488989,0.70773698,0.701910387,0.696029684,0.690124714,0.684229763,0.678377747,0.672614821,0.666943629,0.661352843,0.655825022,0.650343498,0.6448973,0.639483614,0.634107526,0.628773559,0.623481439,0.61823089,0.613021637,0.607853406,0.602725925,0.597638922,0.592592126,0.587585266,0.582618074,0.577690282,0.572801623,0.567951829,0.563140638,0.558367783,0.553633002,0.548936034,0.544276616,0.53965449,0.535069396,0.530521076,0.526009275,0.521533736,0.517094205,0.512690428,0.508322154,0.503989131,0.49969111,0.495427841,0.491199078,0.487004573,0.482844081,0.478717359,0.474624163,0.470564251,0.466537384,0.462543321,0.458581826,0.454652659,0.450755587,0.446890374,0.443056788,0.439254595,0.435483566,0.431743471,0.42803408,0.424355168,0.420706508,0.417087876,0.413499048,0.409939802,0.406409916,0.402909172,0.399437351,0.395994234,0.392579608,0.389193256,0.385834965,0.382504523,0.37920172,0.375926344,0.372678187,0.369457043,0.366262706,0.363094969,0.359953631,0.356838487,0.353749338,0.350685984,0.347648225,0.344635865,0.341648707,0.338686556,0.335749218,0.332836502,0.329948215,0.327084168,0.324244171,0.321428038,0.318635581,0.315866615,0.313120957,0.310398424,0.307698833,0.305022004,0.302367759
93,1.005215645,0.99475455,0.983326069,0.970721854,0.958645153,0.94784831,0.938340973,0.929977449,0.922426001,0.915681001,0.910541027,0.907591905,0.907276913,0.909271537,0.913057277,0.91794713,0.922560048,0.926128093,0.927973709,0.927727583,0.9256196,0.921433833,0.915139916,0.90700482,0.89745248,0.887017712,0.876350013,0.866195143,0.856941118,0.848494328,0.840710955,0.83341443,0.826425137,0.819597329,0.812845439,0.806145859,0.799522848,0.793015595,0.78665875,0.780479232,0.774492964,0.768697917,0.763065812,0.75754978,0.752096413,0.746656839,0.741191832,0.735675805,0.730099122,0.724467027,0.718795851,0.713109399,0.707435031,0.701799027,0.696240964,0.690760302,0.685345329,0.67998073,0.674653884,0.66935896,0.664098385,0.658875837,0.653691096,0.648543942,0.643434155,0.638361518,0.633325809,0.628326812,0.623364309,0.618438081,0.613547912,0.608693585,0.603874885,0.599091595,0.594343501,0.589630388,0.584952042,0.58030825,0.575698798,0.571123476,0.56658207,0.562074371,0.557600167,0.553159249,0.548751409,0.544376436,0.540034124,0.535724266,0.531446655,0.527201085,0.522987351,0.51880525,0.514654577,0.51053513,0.506446706,0.502389105,0.498362125,0.494365568,0.490399233,0.486462922,0.482556439,0.478679586,0.474832168,0.471013989,0.467224855,0.463464573,0.45973295,0.456029794,0.452354915,0.448708121,0.445089225,0.441498037,0.437934369,0.434398036,0.430888851,0.427406629,0.423951186,0.420522339,0.417119905,0.413743702,0.410393551,0.407069271,0.403770683,0.40049761,0.397249873,0.394027298,0.390829708,0.387656929,0.384508788,0.381385111,0.378285727,0.375210465,0.372159156,0.369131629,0.366127717,0.363147252,0.360190069,0.357256001,0.354344884,0.351456554,0.348590848,0.345747605,0.342926663,0.340127863,0.337351045,0.334596051,0.331862723
94,1.004701924,0.995268775,0.984860962,0.973269,0.960482383,0.94894895,0.939221541,0.931356668,0.924914548,0.919593843,0.915869474,0.914100959,0.91465523,0.917305838,0.921738719,0.927549078,0.933480251,0.938797162,0.942810685,0.945076476,0.945688311,0.943969111,0.939449242,0.932268248,0.922985864,0.912488863,0.901953496,0.892125021,0.883049938,0.874700251,0.866994784,0.859815917,0.853022711,0.846473591,0.840054518,0.83369883,0.827388126,0.821141055,0.814987749,0.8089548,0.803062819,0.797323959,0.791736574,0.78627887,0.780914823,0.77560344,0.770307247,0.764996196,0.759650694,0.754263365,0.748838217,0.74338774,0.737930144,0.732486368,0.72707654,0.721733686,0.716454649,0.711227958,0.706041048,0.700885862,0.695762043,0.69067214,0.685615983,0.680593404,0.675604232,0.670648297,0.665725429,0.660835459,0.655978217,0.651153533,0.646361238,0.641601163,0.636873137,0.632176991,0.627512558,0.622879666,0.618278149,0.613707837,0.609168562,0.604660155,0.600182449,0.595735276,0.591318469,0.58693186,0.582575283,0.578248571,0.573951557,0.569684075,0.56544596,0.561237047,0.55705717,0.552906164,0.548783866,0.544690112,0.540624737,0.536587579,0.532578475,0.528597262,0.524643779,0.520717864,0.516819356,0.512948094,0.509103918,0.505286669,0.501496186,0.497732312,0.493994888,0.490283756,0.486598758,0.482939739,0.479306541,0.475699008,0.472116986,0.46856032,0.465028855,0.461522438,0.458040915,0.454584133,0.451151942,0.447744189,0.444360722,0.441001393,0.43766605,0.434354546,0.43106673,0.427802455,0.424561573,0.421343938,0.418149402,0.414977821,0.41182905,0.408702942,0.405599356,0.402518146,0.399459171,0.396422289,0.393407358,0.390414236,0.387442785,0.384492864,0.381564333,0.378657056,0.375770894,0.372905709,0.370061366,0.367237729,0.364434661
95,1.004197419,0.99577429,0.986372566,0.975781916,0.963987977,0.951753183,0.94129179,0.933192528,0.927219863,0.922969938,0.920626522,0.920236448,0.921943362,0.925444999,0.930521002,0.93696842,0.943814774,0.950447688,0.956211092,0.960649365,0.96378359,0.964419732,0.961513675,0.955123307,0.94616972,0.93630928,0.926718145,0.917578125,0.908991001,0.900981606,0.89352213,0.886547677,0.879968294,0.873678319,0.867572752,0.861567552,0.85561378,0.849697923,0.843833508,0.838042397,0.832343848,0.826752763,0.821277902,0.815918018,0.810657272,0.805469542,0.800325132,0.795196923,0.790063182,0.784909741,0.779731263,0.774530634,0.769316866,0.764103108,0.758904487,0.753735552,0.74862284,0.743561241,0.738540259,0.733550773,0.728589867,0.723658778,0.718757383,0.713885554,0.709043167,0.704230095,0.699446211,0.69469139,0.689965504,0.685268425,0.680600027,0.675960183,0.671348764,0.666765644,0.662210693,0.657683784,0.653184789,0.64871358,0.644270028,0.639854006,0.635465384,0.631104034,0.626769828,0.622462638,0.618182334,0.613928788,0.609701873,0.605501458,0.601327417,0.597179621,0.59305794,0.588962248,0.584892416,0.580848316,0.57682982,0.572836801,0.568869129,0.564926679,0.561009322,0.557116931,0.553249379,0.549406539,0.545588285,0.541794489,0.538025025,0.534279767,0.53055859,0.526861366,0.523187971,0.519538278,0.515912164,0.512309503,0.50873017,0.505174042,0.501640993,0.4981309,0.49464364,0.491179089,0.487737124,0.484317623,0.480920462,0.477545521,0.474192676,0.470861807,0.467552792,0.464265511,0.460999843,0.457755667,0.454532864,0.451331315,0.4481509,0.4449915,0.441852997,0.438735273,0.435638211,0.432561692,0.429505599,0.426469817,0.423454229,0.420458719,0.417483172,0.414527472,0.411591505,0.408675157,0.405778313,0.402900861,0.400042687
96,1.003708352,0.996264825,0.987842057,0.978229206,0.967408267,0.956130306,0.944960931,0.936114717,0.929882055,0.92606254,0.924738723,0.925678741,0.928720031,0.933340951,0.939241442,0.946308526,0.953772943,0.961304056,0.968368877,0.974544825,0.979842631,0.982803613,0.982153326,0.977797762,0.97058565,0.962188632,0.953819561,0.945668247,0.93785141,0.93043165,0.923420276,0.916794147,0.910506177,0.904493334,0.898682802,0.893002893,0.887396551,0.881830664,0.876296083,0.870801866,0.865362649,0.859991305,0.854697782,0.849487913,0.844360835,0.839305933,0.834305728,0.82934037,0.82439174,0.819445324,0.814491662,0.809527184,0.804553802,0.799577517,0.794607092,0.789652613,0.784723792,0.779840867,0.774997533,0.770185066,0.765398546,0.760637869,0.755902946,0.751193691,0.746510016,0.741851831,0.737219049,0.73261158,0.728029333,0.72347222,0.718940149,0.71443303,0.709950772,0.705493283,0.701060472,0.696652246,0.692268513,0.68790918,0.683574155,0.679263345,0.674976655,0.670713992,0.666475262,0.662260372,0.658069226,0.653901731,0.649757792,0.645637313,0.6415402,0.637466358,0.633415691,0.629388103,0.6253835,0.621401786,0.617442864,0.613506639,0.609593014,0.605701895,0.601833184,0.597986786,0.594162604,0.590360541,0.586580503,0.582822391,0.57908611,0.575371564,0.571678656,0.568007289,0.564357368,0.560728795,0.557121475,0.553535311,0.549970208,0.546426067,0.542902795,0.539400294,0.535918468,0.532457221,0.529016458,0.525596083,0.522196,0.518816112,0.515456326,0.512116545,0.508796674,0.505496617,0.502216281,0.498955569,0.495714387,0.492492641,0.489290235,0.486107076,0.482943068,0.479798119,0.476672135,0.47356502,0.470476683,0.467407029,0.464355966,0.4613234,0.458309238,0.455313388,0.452335758,0.449376255,0.446434788,0.443511263,0.440605591
97,1.003240168,0.996734864,0.989252771,0.980582907,0.970703896,0.960355044,0.950095007,0.940520245,0.933516434,0.929400578,0.928453761,0.930353284,0.93466633,0.940572974,0.947551857,0.955406681,0.963459394,0.971578507,0.979512898,0.986962636,0.993970848,0.998893383,1.000088812,0.997528857,0.991989956,0.985122793,0.978131651,0.971181186,0.964381986,0.957799925,0.951468793,0.945392384,0.939554696,0.933926157,0.928468294,0.923137296,0.917890388,0.912693694,0.907527615,0.902386736,0.897276364,0.89220508,0.887180419,0.882208196,0.877291814,0.872430752,0.867618784,0.862845667,0.858099783,0.853370528,0.848649412,0.843930898,0.839212889,0.834496496,0.829785214,0.825084156,0.820399212,0.815736056,0.811108767,0.806510749,0.801935998,0.797383192,0.792852276,0.788343194,0.783855889,0.779390303,0.774946379,0.770524059,0.766123284,0.761743996,0.757386133,0.753049638,0.748734448,0.744440504,0.740167743,0.735916105,0.731685527,0.727475947,0.723287301,0.719119527,0.714972561,0.710846339,0.706740797,0.70265587,0.698591494,0.694547602,0.690524131,0.686521013,0.682538182,0.678575573,0.674633118,0.670710752,0.666808405,0.662926012,0.659063505,0.655220815,0.651397874,0.647594615,0.643810968,0.640046866,0.636302239,0.632577017,0.628871133,0.625184515,0.621517096,0.617868804,0.614239571,0.610629326,0.607037999,0.603465519,0.599911817,0.596376821,0.592860461,0.589362667,0.585883368,0.582422492,0.578979968,0.575555726,0.572149695,0.568761803,0.565391978,0.56204015,0.558706248,0.555390199,0.552091933,0.548811377,0.545548461,0.542303113,0.53907526,0.535864833,0.532671759,0.529495966,0.526337383,0.523195938,0.520071561,0.516964178,0.51387372,0.510800114,0.507743288,0.504703172,0.501679695,0.498672784,0.495682368,0.492708376,0.489750738,0.486809381,0.483884236
98,1.00279871,0.997178475,0.990586746,0.982812795,0.973832203,0.964372221,0.954984143,0.946258886,0.938493769,0.933569522,0.932272161,0.93448231,0.939683723,0.946797222,0.955004029,0.963884329,0.972678975,0.981342171,0.989821313,0.998097135,1.006333182,1.012793918,1.015501024,1.014211586,1.009994458,1.004460835,0.998774514,0.993044528,0.987348763,0.981737998,0.97624156,0.970873804,0.965635262,0.960517509,0.95550606,0.950582523,0.945726218,0.940917104,0.936139383,0.931383941,0.926648259,0.921934782,0.917247467,0.912589781,0.907964399,0.903372879,0.898814976,0.894287818,0.889786686,0.885306228,0.880841565,0.876388788,0.871945345,0.867510267,0.863084057,0.858668315,0.854265384,0.849877967,0.845508668,0.841165662,0.836843089,0.832538723,0.828252534,0.82398449,0.819734559,0.815502708,0.811288903,0.807093113,0.802915301,0.798755434,0.794613477,0.790489394,0.786383149,0.782294706,0.778224027,0.774171076,0.770135815,0.766118205,0.762118209,0.758135787,0.754170899,0.750223507,0.746293569,0.742381046,0.738485897,0.73460808,0.730747555,0.726904278,0.723078208,0.719269302,0.715477517,0.711702811,0.707945139,0.704204458,0.700480724,0.696773892,0.693083917,0.689410755,0.68575436,0.682114687,0.67849169,0.674885323,0.67129554,0.667722293,0.664165538,0.660625225,0.657101309,0.653593741,0.650102475,0.646627462,0.643168654,0.639726002,0.63629946,0.632888977,0.629494504,0.626115994,0.622753397,0.619406663,0.616075743,0.612760587,0.609461145,0.606177368,0.602909206,0.599656607,0.596419522,0.593197901,0.589991692,0.586800845,0.583625308,0.580465032,0.577319965,0.574190056,0.571075253,0.567975505,0.564890761,0.561820969,0.558766078,0.555726035,0.552700789,0.549690289,0.546694482,0.543713316,0.54074674,0.5377947,0.534857146,0.531934025,0.529025285
99,1.002388664,0.997590873,0.991829375,0.984894101,0.97675795,0.968135928,0.959571618,0.951649799,0.944666583,0.938936906,0.936776497,0.938568133,0.944001942,0.951926797,0.96126792,0.97130797,0.981068707,0.990416953,0.999384785,1.008149345,1.01715074,1.024703168,1.028606502,1.02832071,1.024881328,1.020263881,1.015574829,1.010855944,1.006137053,1.001438761,0.996774141,0.992150518,0.987571303,0.983036341,0.978543204,0.97408795,0.969665678,0.96527094,0.960898491,0.956544216,0.952205747,0.947882432,0.943574903,0.939284181,0.935011161,0.93075653,0.926520689,0.922303574,0.918104443,0.91392208,0.909755105,0.90560226,0.901462538,0.897335279,0.89322023,0.889117517,0.885027546,0.880950916,0.876888318,0.872840417,0.868809877,0.864794058,0.860792945,0.856806524,0.852834783,0.848877705,0.844935276,0.84100748,0.837094301,0.833195722,0.829311727,0.825442297,0.821587417,0.817747066,0.813921227,0.81010988,0.806313007,0.802530587,0.7987626,0.795009025,0.791269843,0.787545031,0.783834567,0.780138431,0.776456598,0.772789048,0.769135755,0.765496698,0.761871853,0.758261195,0.7546647,0.751082343,0.747514099,0.743959943,0.740419849,0.736893792,0.733381745,0.729883681,0.726399575,0.722929397,0.719473122,0.716030722,0.712602168,0.709187433,0.705786488,0.702399305,0.699025854,0.695666106,0.692320032,0.688987603,0.685668788,0.682363556,0.679071879,0.675793725,0.672529064,0.669277864,0.666040094,0.662815723,0.659604719,0.656407051,0.653222686,0.650051592,0.646893738,0.643749089,0.640617614,0.63749928,0.634394053,0.6313019,0.628222788,0.625156684,0.622103553,0.619063361,0.616036075,0.613021661,0.610020084,0.607031309,0.604055303,0.601092029,0.598141454,0.595203543,0.59227826,0.58936557,0.586465438,0.583577828,0.580702704,0.577840032,0.574989775
100,1.002011605,0.997970394,0.992975314,0.986817341,0.979467062,0.971627145,0.963833204,0.956663358,0.950412032,0.945393149,0.942371242,0.943235512,0.948174634,0.956252541,0.96632633,0.977424274,0.988277767,0.998528245,1.008119742,1.017311578,1.026734858,1.03495848,1.039730898,1.040276054,1.037444081,1.033338156,1.029243592,1.025160403,1.021088603,1.017028203,1.012979218,1.008941658,1.004915536,1.000900861,0.996897645,0.992905898,0.988925628,0.984956845,0.980999558,0.977053774,0.9731195,0.969196745,0.965285515,0.961385815,0.957497651,0.95362103,0.949755955,0.945902431,0.942060461,0.93823005,0.934411201,0.930603916,0.926808197,0.923024046,0.919251465,0.915490454,0.911741014,0.908003146,0.904276848,0.900562121,0.896858963,0.893167374,0.88948735,0.885818891,0.882161993,0.878516653,0.874882869,0.871260636,0.867649951,0.864050809,0.860463206,0.856887136,0.853322594,0.849769574,0.84622807,0.842698076,0.839179584,0.835672589,0.832177081,0.828693054,0.8252205,0.821759409,0.818309774,0.814871585,0.811444833,0.808029508,0.804625601,0.801233101,0.797851997,0.79448228,0.791123937,0.787776957,0.784441329,0.781117041,0.77780408,0.774502435,0.771212092,0.767933038,0.76466526,0.761408745,0.758163479,0.754929448,0.751706637,0.748495032,0.745294619,0.742105381,0.738927305,0.735760374,0.732604574,0.729459887,0.726326298,0.723203791,0.720092348,0.716991954,0.713902591,0.710824242,0.707756889,0.704700515,0.701655103,0.698620633,0.695597089,0.692584451,0.6895827,0.686591819,0.683611788,0.680642589,0.6776842,0.674736604,0.671799781,0.66887371,0.665958372,0.663053747,0.660159814,0.657276553,0.654403942,0.651541962,0.648690591,0.645849809,0.643019593,0.640199924,0.637390778,0.634592134,0.631803971,0.629026266,0.626258998,0.623502145,0.620755683
101,1.001770953,0.998212769,0.993812389,0.988383983,0.981899301,0.974976305,0.968087349,0.961744181,0.956209015,0.951761962,0.949083,0.949849292,0.954226883,0.961380561,0.970291704,0.980096062,0.989671744,0.998704043,1.007145824,1.015227043,1.023502914,1.03087835,1.03534451,1.036091538,1.033720157,1.030117722,1.026523596,1.022937795,1.019360335,1.01579123,1.012230496,1.008678148,1.0051342,1.001598666,0.99807156,0.994552894,0.991042682,0.987540937,0.984047671,0.980562895,0.977086622,0.973618863,0.970159628,0.966708928,0.963266774,0.959833175,0.956408141,0.952991682,0.949583807,0.946184524,0.942793841,0.939411768,0.936038311,0.932673478,0.929317276,0.925969713,0.922630794,0.919300526,0.915978916,0.912665968,0.909361689,0.906066082,0.902779155,0.899500909,0.896231351,0.892970484,0.889718312,0.886474838,0.883240066,0.880013998,0.876796637,0.873587986,0.870388046,0.86719682,0.864014309,0.860840514,0.857675437,0.854519078,0.851371438,0.848232517,0.845102316,0.841980835,0.838868072,0.835764027,0.8326687,0.82958209,0.826504194,0.823435012,0.820374541,0.81732278,0.814279727,0.811245378,0.808219732,0.805202785,0.802194535,0.799194977,0.796204108,0.793221926,0.790248425,0.787283601,0.78432745,0.781379968,0.778441149,0.775510989,0.772589483,0.769676625,0.766772409,0.76387683,0.760989882,0.758111559,0.755241853,0.75238076,0.749528272,0.746684382,0.743849083,0.741022368,0.738204229,0.735394659,0.732593651,0.729801196,0.727017286,0.724241912,0.721475068,0.718716743,0.715966929,0.713225617,0.710492798,0.707768464,0.705052603,0.702345208,0.699646268,0.696955774,0.694273715,0.691600081,0.688934862,0.686278048,0.683629628,0.680989592,0.678357928,0.675734626,0.673119675,0.670513062,0.667914778,0.66532481,0.662743147,0.660169777,0.657604688
102,1.001536384,0.998449128,0.99462922,0.989913949,0.98427686,0.978253521,0.972254382,0.966725705,0.961897457,0.958015752,0.955676236,0.956345519,0.960167598,0.966408633,0.974174601,0.982708477,0.991032832,0.998875464,1.006197273,1.013199138,1.020362437,1.026772327,1.030769183,1.031576266,1.029607604,1.026493441,1.02338511,1.020282626,1.017186006,1.014095263,1.011010412,1.007931469,1.004858446,1.001791358,0.99873022,0.995675044,0.992625843,0.989582632,0.986545423,0.983514228,0.98048906,0.977469931,0.974456853,0.971449839,0.968448899,0.965454045,0.962465289,0.95948264,0.95650611,0.95353571,0.950571449,0.947613338,0.944661387,0.941715606,0.938776003,0.935842588,0.932915371,0.92999436,0.927079563,0.924170991,0.921268649,0.918372548,0.915482694,0.912599095,0.90972176,0.906850694,0.903985906,0.901127403,0.89827519,0.895429275,0.892589663,0.889756362,0.886929377,0.884108715,0.881294379,0.878486377,0.875684714,0.872889394,0.870100422,0.867317804,0.864541543,0.861771645,0.859008113,0.856250951,0.853500164,0.850755756,0.848017729,0.845286087,0.842560833,0.839841971,0.837129503,0.834423432,0.83172376,0.829030491,0.826343626,0.823663167,0.820989117,0.818321476,0.815660248,0.813005432,0.810357031,0.807715046,0.805079478,0.802450327,0.799827595,0.797211281,0.794601387,0.791997912,0.789400857,0.786810222,0.784226007,0.781648211,0.779076834,0.776511876,0.773953335,0.771401211,0.768855503,0.766316209,0.76378333,0.761256862,0.758736806,0.756223158,0.753715918,0.751215083,0.748720652,0.746232622,0.743750991,0.741275757,0.738806917,0.736344469,0.733888409,0.731438736,0.728995445,0.726558535,0.724128001,0.72170384,0.71928605,0.716874625,0.714469563,0.712070861,0.709678513,0.707292516,0.704912866,0.702539558,0.700172589,0.697811954,0.695457648
103,1.001308792,0.998678565,0.995422618,0.99140115,0.986590067,0.981445159,0.976316593,0.97158635,0.967452318,0.964126645,0.962121347,0.962695087,0.965970483,0.971314955,0.97795863,0.985250831,0.992355637,0.999041853,1.005277618,1.01123517,1.017324361,1.02280326,1.026246263,1.027019613,1.025399896,1.02275625,1.020116489,1.017480626,1.014848676,1.012220649,1.009596559,1.006976418,1.004360238,1.001748032,0.999139812,0.996535589,0.993935375,0.991339182,0.988747021,0.986158903,0.983574841,0.980994844,0.978418924,0.975847092,0.973279358,0.970715732,0.968156226,0.965600849,0.963049611,0.960502524,0.957959595,0.955420836,0.952886256,0.950355864,0.94782967,0.945307683,0.942789912,0.940276366,0.937767054,0.935261985,0.932761167,0.930264609,0.927772319,0.925284305,0.922800576,0.92032114,0.917846004,0.915375177,0.912908665,0.910446477,0.90798862,0.9055351,0.903085927,0.900641105,0.898200643,0.895764547,0.893332824,0.89090548,0.888482522,0.886063957,0.88364979,0.881240028,0.878834676,0.876433741,0.874037229,0.871645145,0.869257494,0.866874283,0.864495517,0.8621212,0.859751338,0.857385936,0.855025,0.852668533,0.85031654,0.847969027,0.845625998,0.843287456,0.840953407,0.838623855,0.836298803,0.833978256,0.831662218,0.829350692,0.827043682,0.824741192,0.822443225,0.820149785,0.817860875,0.815576498,0.813296657,0.811021355,0.808750596,0.806484381,0.804222715,0.801965598,0.799713035,0.797465027,0.795221576,0.792982686,0.790748358,0.788518594,0.786293396,0.784072766,0.781856706,0.779645218,0.777438303,0.775235963,0.773038199,0.770845013,0.768656406,0.766472379,0.764292933,0.762118069,0.759947789,0.757782093,0.755620981,0.753464456,0.751312516,0.749165163,0.747022397,0.744884219,0.742750629,0.740621626,0.738497212,0.736377386,0.734262148
104,1.001089141,0.998900095,0.996189119,0.99283896,0.988828373,0.984536313,0.980254567,0.976302406,0.972846032,0.970063901,0.968385648,0.968865871,0.971606563,0.976075567,0.981625837,0.987711455,0.993634292,0.999202497,1.004390675,1.009343024,1.01440046,1.018986005,1.021897632,1.022584558,1.021272634,1.019079756,1.016889294,1.014701259,1.012515659,1.010332505,1.008151806,1.005973572,1.003797812,1.001624535,0.999453751,0.997285469,0.995119697,0.992956445,0.990795723,0.988637537,0.986481899,0.984328815,0.982178296,0.980030349,0.977884982,0.975742206,0.973602027,0.971464454,0.969329495,0.967197159,0.965067454,0.962940387,0.960815966,0.9586942,0.956575096,0.954458662,0.952344905,0.950233833,0.948125454,0.946019775,0.943916803,0.941816546,0.939719011,0.937624205,0.935532135,0.933442808,0.931356231,0.929272412,0.927191356,0.925113071,0.923037563,0.920964839,0.918894905,0.916827768,0.914763435,0.912701911,0.910643203,0.908587318,0.90653426,0.904484037,0.902436654,0.900392118,0.898350434,0.896311608,0.894275645,0.892242552,0.890212335,0.888184997,0.886160546,0.884138987,0.882120325,0.880104564,0.878091712,0.876081771,0.874074749,0.87207065,0.870069478,0.868071239,0.866075938,0.864083579,0.862094167,0.860107707,0.858124204,0.856143662,0.854166085,0.852191478,0.850219845,0.848251192,0.846285521,0.844322837,0.842363145,0.840406448,0.83845275,0.836502056,0.834554369,0.832609693,0.830668032,0.82872939,0.82679377,0.824861176,0.822931611,0.82100508,0.819081585,0.81716113,0.815243718,0.813329353,0.811418038,0.809509775,0.807604569,0.805702421,0.803803336,0.801907316,0.800014364,0.798124483,0.796237675,0.794353944,0.792473292,0.790595721,0.788721235,0.786849836,0.784981526,0.783116308,0.781254184,0.779395156,0.777539227,0.775686399,0.773836674
105,1.00087847,0.99911266,0.996924991,0.994220231,0.990980379,0.987510837,0.984047231,0.980848084,0.978048551,0.975793963,0.97443343,0.974822778,0.977044237,0.980664401,0.985156746,0.990077734,0.994862475,0.999356631,1.00354054,1.00753114,1.011603304,1.015336401,1.01774092,1.018344615,1.017310046,1.015546443,1.013784206,1.012023341,1.010263857,1.008505758,1.006749051,1.004993743,1.003239839,1.001487348,0.999736273,0.997986623,0.996238402,0.994491618,0.992746276,0.991002383,0.989259944,0.987518965,0.985779453,0.984041414,0.982304852,0.980569775,0.978836189,0.977104098,0.975373509,0.973644427,0.971916858,0.970190809,0.968466284,0.966743289,0.965021829,0.963301911,0.96158354,0.95986672,0.958151459,0.95643776,0.95472563,0.953015073,0.951306096,0.949598702,0.947892899,0.94618869,0.94448608,0.942785076,0.941085682,0.939387903,0.937691744,0.935997211,0.934304307,0.932613039,0.93092341,0.929235426,0.927549092,0.925864412,0.924181392,0.922500035,0.920820347,0.919142332,0.917465995,0.915791341,0.914118373,0.912447097,0.910777517,0.909109638,0.907443463,0.905778998,0.904116247,0.902455213,0.900795902,0.899138317,0.897482464,0.895828345,0.894175965,0.892525329,0.890876441,0.889229303,0.887583922,0.8859403,0.884298441,0.88265835,0.881020031,0.879383486,0.877748721,0.876115739,0.874484544,0.872855139,0.871227529,0.869601716,0.867977705,0.8663555,0.864735103,0.863116519,0.861499751,0.859884802,0.858271677,0.856660377,0.855050908,0.853443272,0.851837473,0.850233514,0.848631398,0.847031128,0.845432709,0.843836142,0.842241432,0.840648581,0.839057593,0.83746847,0.835881216,0.834295833,0.832712326,0.831130696,0.829550947,0.827973081,0.826397102,0.824823013,0.823250815,0.821680513,0.820112108,0.818545604,0.816981003,0.815418308,0.813857522
106,1.000677883,0.999315134,0.997626263,0.99553734,0.9930339,0.99035144,0.987671967,0.985195645,0.983027505,0.981280624,0.980226128,0.980527922,0.982249437,0.985053422,0.988530472,0.992336178,0.99603344,0.999503441,1.002731558,1.005808454,1.008946179,1.01187116,1.01379472,1.014318638,1.013545848,1.012188329,1.010831481,1.009475308,1.008119813,1.006765001,1.005410876,1.00405744,1.002704697,1.001352652,1.000001308,0.998650668,0.997300736,0.995951516,0.994603011,0.993255225,0.991908162,0.990561824,0.989216216,0.987871341,0.986527202,0.985183804,0.983841149,0.982499241,0.981158084,0.97981768,0.978478034,0.977139148,0.975801027,0.974463673,0.973127089,0.971791281,0.970456249,0.969121999,0.967788532,0.966455854,0.965123966,0.963792872,0.962462575,0.961133079,0.959804386,0.958476501,0.957149426,0.955823164,0.954497719,0.953173094,0.951849291,0.950526314,0.949204167,0.947882852,0.946562372,0.94524273,0.94392393,0.942605974,0.941288866,0.939972609,0.938657205,0.937342658,0.93602897,0.934716145,0.933404185,0.932093094,0.930782874,0.929473528,0.92816506,0.926857471,0.925550765,0.924244946,0.922940014,0.921635975,0.920332829,0.919030581,0.917729232,0.916428787,0.915129246,0.913830614,0.912532893,0.911236085,0.909940194,0.908645221,0.907351171,0.906058045,0.904765846,0.903474576,0.902184239,0.900894837,0.899606373,0.898318848,0.897032267,0.89574663,0.894461942,0.893178204,0.891895418,0.890613589,0.889332717,0.888052805,0.886773857,0.885495874,0.884218858,0.882942813,0.881667741,0.880393643,0.879120523,0.877848383,0.876577225,0.875307052,0.874037865,0.872769668,0.871502462,0.870236251,0.868971035,0.867706818,0.866443601,0.865181388,0.86392018,0.862659979,0.861400788,0.860142608,0.858885443,0.857629294,0.856374163,0.855120053,0.853866966
107,1.000488538,0.999506336,0.998288755,0.996782258,0.99497608,0.993039841,0.991104817,0.989315656,0.987748486,0.986485349,0.985722662,0.985940957,0.987185931,0.989212874,0.991724903,0.994472544,0.997140088,0.999642072,1.001968284,1.004184317,1.00644296,1.008551427,1.010022099,1.010469958,1.009942283,1.008965942,1.007989864,1.007014049,1.0060385,1.005063218,1.004088205,1.003113463,1.002138993,1.001164797,1.000190877,0.999217234,0.99824387,0.997270787,0.996297987,0.99532547,0.99435324,0.993381297,0.992409644,0.991438281,0.990467211,0.989496435,0.988525955,0.987555772,0.986585888,0.985616306,0.984647025,0.983678049,0.982709378,0.981741015,0.98077296,0.979805216,0.978837785,0.977870667,0.976903864,0.975937378,0.974971211,0.974005364,0.973039838,0.972074636,0.971109759,0.970145208,0.969180985,0.968217092,0.96725353,0.9662903,0.965327405,0.964364845,0.963402623,0.96244074,0.961479197,0.960517996,0.959557139,0.958596626,0.95763646,0.956676642,0.955717174,0.954758057,0.953799292,0.952840881,0.951882825,0.950925127,0.949967787,0.949010807,0.948054189,0.947097933,0.946142042,0.945186517,0.944231359,0.94327657,0.942322151,0.941368104,0.940414429,0.93946113,0.938508206,0.93755566,0.936603492,0.935651705,0.9347003,0.933749277,0.932798639,0.931848387,0.930898523,0.929949047,0.928999961,0.928051266,0.927102965,0.926155057,0.925207546,0.924260431,0.923313715,0.922367398,0.921421482,0.920475969,0.91953086,0.918586156,0.917641858,0.916697968,0.915754488,0.914811417,0.913868759,0.912926514,0.911984683,0.911043268,0.91010227,0.90916169,0.90822153,0.907281791,0.906342474,0.905403581,0.904465113,0.90352707,0.902589456,0.901652269,0.900715513,0.899779188,0.898843296,0.897907837,0.896972813,0.896038225,0.895104075,0.894170363,0.893237092
108,1.000311633,0.999685041,0.998908139,0.997946654,0.99679356,0.995557012,0.994320798,0.993177375,0.992175506,0.991367785,0.990879985,0.99101961,0.9918158,0.993111677,0.994716996,0.996472027,0.998175054,0.99977164,1.001255426,1.002668371,1.004107928,1.005444122,1.00633965,1.006715456,1.006415105,1.005793258,1.005171475,1.004549759,1.003928108,1.003306524,1.002685008,1.002063559,1.001442178,1.000820867,1.000199625,0.999578452,0.99895735,0.99833632,0.997715361,0.997094474,0.996473659,0.995852918,0.995232251,0.994611658,0.993991139,0.993370696,0.992750329,0.992130039,0.991509825,0.990889689,0.990269631,0.989649651,0.989029751,0.98840993,0.987790189,0.987170529,0.98655095,0.985931453,0.985312038,0.984692706,0.984073457,0.983454292,0.982835212,0.982216216,0.981597306,0.980978481,0.980359743,0.979741092,0.979122529,0.978504053,0.977885666,0.977267368,0.97664916,0.976031042,0.975413014,0.974795077,0.974177232,0.97355948,0.972941819,0.972324252,0.971706779,0.971089399,0.970472115,0.969854925,0.969237832,0.968620834,0.968003933,0.96738713,0.966770424,0.966153816,0.965537307,0.964920897,0.964304587,0.963688377,0.963072268,0.96245626,0.961840354,0.96122455,0.960608848,0.95999325,0.959377756,0.958762366,0.95814708,0.9575319,0.956916825,0.956301856,0.955686995,0.95507224,0.954457593,0.953843054,0.953228623,0.952614302,0.95200009,0.951385988,0.950771997,0.950158117,0.949544348,0.948930692,0.948317148,0.947703716,0.947090399,0.946477195,0.945864105,0.945251131,0.944638271,0.944025528,0.943412901,0.94280039,0.942187997,0.941575721,0.940963564,0.940351525,0.939739606,0.939127806,0.938516126,0.937904567,0.937293128,0.936681811,0.936070616,0.935459544,0.934848594,0.934237768,0.933627065,0.933016487,0.932406033,0.931795704,0.931185502
109,1.000148384,0.999850007,0.999480012,0.999022046,0.99847272,0.997883521,0.997294361,0.996749313,0.996271655,0.995886499,0.99565387,0.995720458,0.996100139,0.996717993,0.997483196,0.998319525,0.999130842,0.999891246,1.000597754,1.001270379,1.001955521,1.002564125,1.002935762,1.003052093,1.002960149,1.002664309,1.002368474,1.002072642,1.001776814,1.001480989,1.001185168,1.000889352,1.000593539,1.00029773,1.000001925,0.999706125,0.999410328,0.999114536,0.998818749,0.998522966,0.998227187,0.997931413,0.997635644,0.997339879,0.99704412,0.996748365,0.996452615,0.99615687,0.995861131,0.995565396,0.995269667,0.994973943,0.994678224,0.994382511,0.994086804,0.993791102,0.993495405,0.993199715,0.99290403,0.992608351,0.992312678,0.992017012,0.991721351,0.991425696,0.991130048,0.990834406,0.99053877,0.990243141,0.989947519,0.989651903,0.989356293,0.989060691,0.988765095,0.988469506,0.988173924,0.987878349,0.987582781,0.98728722,0.986991667,0.98669612,0.986400582,0.98610505,0.985809526,0.98551401,0.985218501,0.984923,0.984627507,0.984332022,0.984036545,0.983741075,0.983445614,0.983150161,0.982854716,0.982559279,0.982263851,0.981968431,0.981673019,0.981377616,0.981082222,0.980786837,0.98049146,0.980196092,0.979900733,0.979605383,0.979310042,0.97901471,0.978719387,0.978424073,0.978128769,0.977833474,0.977538189,0.977242913,0.976947647,0.97665239,0.976357143,0.976061906,0.975766679,0.975471461,0.975176254,0.974881057,0.97458587,0.974290693,0.973995526,0.97370037,0.973405224,0.973110089,0.972814964,0.972519849,0.972224746,0.971929653,0.971634571,0.9713395,0.97104444,0.970749391,0.970454353,0.970159326,0.96986431,0.969569306,0.969274313,0.968979331,0.968684361,0.968389403,0.968094456,0.967799521,0.967504597,0.967209686,0.966914786
110,1,1,1,1,1,1,1,1,1,1,1,1,1,1,1,1,1,1,1,1,1,1,1,1,1,1,1,1,1,1,1,1,1,1,1,1,1,1,1,1,1,1,1,1,1,1,1,1,1,1,1,1,1,1,1,1,1,1,1,1,1,1,1,1,1,1,1,1,1,1,1,1,1,1,1,1,1,1,1,1,1,1,1,1,1,1,1,1,1,1,1,1,1,1,1,1,1,1,1,1,1,1,1,1,1,1,1,1,1,1,1,1,1,1,1,1,1,1,1,1,1,1,1,1,1,1,1,1,1,1,1,1,1,1,1,1,1,1,1,1,1,1,1,1,1,1,1
111,1,1,1,1,1,1,1,1,1,1,1,1,1,1,1,1,1,1,1,1,1,1,1,1,1,1,1,1,1,1,1,1,1,1,1,1,1,1,1,1,1,1,1,1,1,1,1,1,1,1,1,1,1,1,1,1,1,1,1,1,1,1,1,1,1,1,1,1,1,1,1,1,1,1,1,1,1,1,1,1,1,1,1,1,1,1,1,1,1,1,1,1,1,1,1,1,1,1,1,1,1,1,1,1,1,1,1,1,1,1,1,1,1,1,1,1,1,1,1,1,1,1,1,1,1,1,1,1,1,1,1,1,1,1,1,1,1,1,1,1,1,1,1,1,1,1,1
112,1,1,1,1,1,1,1,1,1,1,1,1,1,1,1,1,1,1,1,1,1,1,1,1,1,1,1,1,1,1,1,1,1,1,1,1,1,1,1,1,1,1,1,1,1,1,1,1,1,1,1,1,1,1,1,1,1,1,1,1,1,1,1,1,1,1,1,1,1,1,1,1,1,1,1,1,1,1,1,1,1,1,1,1,1,1,1,1,1,1,1,1,1,1,1,1,1,1,1,1,1,1,1,1,1,1,1,1,1,1,1,1,1,1,1,1,1,1,1,1,1,1,1,1,1,1,1,1,1,1,1,1,1,1,1,1,1,1,1,1,1,1,1,1,1,1,1
113,1,1,1,1,1,1,1,1,1,1,1,1,1,1,1,1,1,1,1,1,1,1,1,1,1,1,1,1,1,1,1,1,1,1,1,1,1,1,1,1,1,1,1,1,1,1,1,1,1,1,1,1,1,1,1,1,1,1,1,1,1,1,1,1,1,1,1,1,1,1,1,1,1,1,1,1,1,1,1,1,1,1,1,1,1,1,1,1,1,1,1,1,1,1,1,1,1,1,1,1,1,1,1,1,1,1,1,1,1,1,1,1,1,1,1,1,1,1,1,1,1,1,1,1,1,1,1,1,1,1,1,1,1,1,1,1,1,1,1,1,1,1,1,1,1,1,1
114,1,1,1,1,1,1,1,1,1,1,1,1,1,1,1,1,1,1,1,1,1,1,1,1,1,1,1,1,1,1,1,1,1,1,1,1,1,1,1,1,1,1,1,1,1,1,1,1,1,1,1,1,1,1,1,1,1,1,1,1,1,1,1,1,1,1,1,1,1,1,1,1,1,1,1,1,1,1,1,1,1,1,1,1,1,1,1,1,1,1,1,1,1,1,1,1,1,1,1,1,1,1,1,1,1,1,1,1,1,1,1,1,1,1,1,1,1,1,1,1,1,1,1,1,1,1,1,1,1,1,1,1,1,1,1,1,1,1,1,1,1,1,1,1,1,1,1
115,1,1,1,1,1,1,1,1,1,1,1,1,1,1,1,1,1,1,1,1,1,1,1,1,1,1,1,1,1,1,1,1,1,1,1,1,1,1,1,1,1,1,1,1,1,1,1,1,1,1,1,1,1,1,1,1,1,1,1,1,1,1,1,1,1,1,1,1,1,1,1,1,1,1,1,1,1,1,1,1,1,1,1,1,1,1,1,1,1,1,1,1,1,1,1,1,1,1,1,1,1,1,1,1,1,1,1,1,1,1,1,1,1,1,1,1,1,1,1,1,1,1,1,1,1,1,1,1,1,1,1,1,1,1,1,1,1,1,1,1,1,1,1,1,1,1,1
116,1,1,1,1,1,1,1,1,1,1,1,1,1,1,1,1,1,1,1,1,1,1,1,1,1,1,1,1,1,1,1,1,1,1,1,1,1,1,1,1,1,1,1,1,1,1,1,1,1,1,1,1,1,1,1,1,1,1,1,1,1,1,1,1,1,1,1,1,1,1,1,1,1,1,1,1,1,1,1,1,1,1,1,1,1,1,1,1,1,1,1,1,1,1,1,1,1,1,1,1,1,1,1,1,1,1,1,1,1,1,1,1,1,1,1,1,1,1,1,1,1,1,1,1,1,1,1,1,1,1,1,1,1,1,1,1,1,1,1,1,1,1,1,1,1,1,1
117,1,1,1,1,1,1,1,1,1,1,1,1,1,1,1,1,1,1,1,1,1,1,1,1,1,1,1,1,1,1,1,1,1,1,1,1,1,1,1,1,1,1,1,1,1,1,1,1,1,1,1,1,1,1,1,1,1,1,1,1,1,1,1,1,1,1,1,1,1,1,1,1,1,1,1,1,1,1,1,1,1,1,1,1,1,1,1,1,1,1,1,1,1,1,1,1,1,1,1,1,1,1,1,1,1,1,1,1,1,1,1,1,1,1,1,1,1,1,1,1,1,1,1,1,1,1,1,1,1,1,1,1,1,1,1,1,1,1,1,1,1,1,1,1,1,1,1
118,1,1,1,1,1,1,1,1,1,1,1,1,1,1,1,1,1,1,1,1,1,1,1,1,1,1,1,1,1,1,1,1,1,1,1,1,1,1,1,1,1,1,1,1,1,1,1,1,1,1,1,1,1,1,1,1,1,1,1,1,1,1,1,1,1,1,1,1,1,1,1,1,1,1,1,1,1,1,1,1,1,1,1,1,1,1,1,1,1,1,1,1,1,1,1,1,1,1,1,1,1,1,1,1,1,1,1,1,1,1,1,1,1,1,1,1,1,1,1,1,1,1,1,1,1,1,1,1,1,1,1,1,1,1,1,1,1,1,1,1,1,1,1,1,1,1,1
119,1,1,1,1,1,1,1,1,1,1,1,1,1,1,1,1,1,1,1,1,1,1,1,1,1,1,1,1,1,1,1,1,1,1,1,1,1,1,1,1,1,1,1,1,1,1,1,1,1,1,1,1,1,1,1,1,1,1,1,1,1,1,1,1,1,1,1,1,1,1,1,1,1,1,1,1,1,1,1,1,1,1,1,1,1,1,1,1,1,1,1,1,1,1,1,1,1,1,1,1,1,1,1,1,1,1,1,1,1,1,1,1,1,1,1,1,1,1,1,1,1,1,1,1,1,1,1,1,1,1,1,1,1,1,1,1,1,1,1,1,1,1,1,1,1,1,1
120,1,1,1,1,1,1,1,1,1,1,1,1,1,1,1,1,1,1,1,1,1,1,1,1,1,1,1,1,1,1,1,1,1,1,1,1,1,1,1,1,1,1,1,1,1,1,1,1,1,1,1,1,1,1,1,1,1,1,1,1,1,1,1,1,1,1,1,1,1,1,1,1,1,1,1,1,1,1,1,1,1,1,1,1,1,1,1,1,1,1,1,1,1,1,1,1,1,1,1,1,1,1,1,1,1,1,1,1,1,1,1,1,1,1,1,1,1,1,1,1,1,1,1,1,1,1,1,1,1,1,1,1,1,1,1,1,1,1,1,1,1,1,1,1,1,1,1
