Age,2000,2001,2002,2003,2004,2005,2006,2007,2008,2009,2010,2011,2012,2013,2014,2015,2016,2017,2018,2019,2020,2021,2022,2023,2024,2025,2026,2027,2028,2029,2030,2031,2032,2033,2034,2035,2036,2037,2038,2039,2040,2041,2042,2043,2044,2045,2046,2047,2048,2049,2050,2051,2052,2053,2054,2055,2056,2057,2058,2059,2060,2061,2062,2063,2064,2065,2066,2067,2068,2069,2070,2071,2072,2073,2074,2075,2076,2077,2078,2079,2080,2081,2082,2083,2084,2085,2086,2087,2088,2089,2090,2091,2092,2093,2094,2095,2096,2097,2098,2099,2100,2101,2102,2103,2104,2105,2106,2107,2108,2109,2110,2111,2112,2113,2114,2115,2116,2117,2118,2119,2120,2121,2122,2123,2124,2125,2126,2127,2128,2129,2130,2131,2132,2133,2134,2135,2136,2137,2138,2139,2140,2141,2142,2143,2144,2145,2146
50,1.008456811,0.991522346,0.973900885,0.954927754,0.93444777,0.913136961,0.89177039,0.871213726,0.852235647,0.835533495,0.821919387,0.811967921,0.805963292,0.803552924,0.804056027,0.806679752,0.810199222,0.813649685,0.816122447,0.816908586,0.815732776,0.812082711,0.805500677,0.79574468,0.78282761,0.767023705,0.748844224,0.728974376,0.708195311,0.687307779,0.66706818,0.648057945,0.630645872,0.615054374,0.601340129,0.589386093,0.578917009,0.569544258,0.56084736,0.552480179,0.544263596,0.536169082,0.528194828,0.520339051,0.512599995,0.504975928,0.497465146,0.490065968,0.48277674,0.47559583,0.468521632,0.461552563,0.454687064,0.447923598,0.441260651,0.434696732,0.428230372,0.421860124,0.41558456,0.409402275,0.403311887,0.39731203,0.391401362,0.385578557,0.379842313,0.374191345,0.368624386,0.363140189,0.357737526,0.352415186,0.347171976,0.342006723,0.336918268,0.33190547,0.326967207,0.322102372,0.317309874,0.312588639,0.307937609,0.30335574,0.298842006,0.294395394,0.290014909,0.285699566,0.281448399,0.277260455,0.273134793,0.26907049,0.265066633,0.261122324,0.257236678,0.253408824,0.249637904,0.24592307,0.242263491,0.238658344,0.23510682,0.231608124,0.22816147,0.224766084,0.221421205,0.218126081,0.214879974,0.211682155,0.208531905,0.205428519,0.2023713,0.19935956,0.196392625,0.193469828,0.190590513,0.187754034,0.184959753,0.182207044,0.179495289,0.176823878,0.174192211,0.171599699,0.169045758,0.166529816,0.164051307,0.161609674,0.15920437,0.156834854,0.154500594,0.152201066,0.149935753,0.147704146,0.145505745,0.143340055,0.141206589,0.13910487,0.137034424,0.134994787,0.1329855,0.131006112,0.129056178,0.127135261,0.125242928,0.123378754,0.121542321,0.119733216,0.117951032,0.11619537,0.114465834,0.112762036,0.111083594
51,1.009128203,0.990855421,0.972847095,0.954206954,0.934441072,0.913866626,0.892962087,0.872398721,0.852879001,0.835136685,0.82009119,0.808453741,0.800650908,0.796481963,0.795428537,0.796841496,0.799623195,0.80288343,0.805750499,0.807509788,0.807816117,0.806096188,0.801824905,0.794650669,0.784423178,0.771226698,0.755381339,0.737415481,0.718002725,0.697886826,0.677810102,0.658454751,0.640343167,0.623806993,0.609029879,0.596031067,0.584661912,0.574627328,0.565537892,0.556997149,0.548707562,0.540547852,0.532509344,0.524590242,0.516788776,0.509103203,0.501531805,0.49407289,0.486724789,0.47948586,0.472354485,0.465329068,0.458408038,0.451589848,0.444872972,0.438255907,0.431737174,0.425315314,0.418988889,0.412756484,0.406616704,0.400568176,0.394609544,0.388739476,0.382956656,0.377259792,0.371647606,0.366118842,0.360672263,0.355306647,0.350020795,0.344813521,0.339683659,0.334630061,0.329651593,0.324747141,0.319915606,0.315155905,0.310466971,0.305847755,0.301297219,0.296814346,0.292398129,0.288047579,0.283761721,0.279539594,0.275380252,0.271282761,0.267246203,0.263269674,0.259352281,0.255493145,0.251691403,0.2479462,0.244256697,0.240622066,0.237041493,0.233514173,0.230039317,0.226616143,0.223243885,0.219921785,0.216649098,0.213425091,0.210249039,0.20712023,0.204037961,0.201001542,0.198010291,0.195063536,0.192160615,0.189300879,0.186483684,0.183708398,0.180974398,0.178281071,0.175627812,0.173014026,0.170439124,0.167902531,0.165403675,0.162941996,0.160516941,0.158127966,0.155774535,0.153456118,0.151172195,0.148922253,0.146705788,0.1445223,0.142371301,0.140252306,0.138164841,0.136108435,0.134082627,0.132086963,0.130120993,0.128184277,0.126276379,0.12439687,0.122545329,0.120721339,0.118924491,0.117154382,0.115410612,0.113692791,0.112000533
52,1.010228653,0.98976422,0.970550659,0.951637606,0.93230169,0.912526365,0.892439578,0.872422937,0.852988151,0.834802505,0.818818173,0.805847531,0.796447993,0.790560204,0.787819729,0.787742329,0.789381108,0.791971907,0.794716954,0.796935234,0.798270142,0.798097426,0.795830429,0.791021579,0.783391601,0.772852349,0.759535081,0.743787486,0.726143522,0.707260584,0.687846959,0.66859411,0.650122163,0.632901421,0.617225837,0.603240323,0.590927442,0.580108717,0.57047232,0.561632469,0.553221981,0.544996155,0.536892482,0.528909155,0.521044389,0.51329643,0.505663545,0.49814403,0.490736206,0.483438416,0.476249031,0.469166443,0.46218907,0.455315351,0.448543751,0.441872756,0.435300873,0.428826634,0.42244859,0.416165315,0.409975404,0.403877472,0.397870155,0.391952109,0.386122009,0.380378552,0.374720451,0.369146441,0.363655274,0.358245721,0.35291657,0.347666629,0.342494723,0.337399693,0.332380398,0.327435715,0.322564535,0.317765769,0.313038341,0.308381192,0.303793279,0.299273574,0.294821065,0.290434753,0.286113656,0.281856806,0.277663249,0.273532045,0.269462267,0.265453005,0.261503358,0.257612442,0.253779385,0.250003326,0.24628342,0.242618833,0.239008742,0.235452338,0.231948824,0.228497414,0.225097334,0.221747822,0.218448125,0.215197504,0.21199523,0.208840584,0.205732859,0.202671358,0.199655393,0.196684288,0.193757376,0.190874001,0.188033516,0.185235283,0.182478673,0.17976307,0.177087862,0.174452451,0.171856243,0.169298657,0.166779118,0.164297061,0.161851928,0.159443172,0.15707025,0.154732631,0.152429789,0.150161207,0.147926377,0.145724796,0.143555969,0.141419411,0.139314641,0.137241186,0.135198582,0.133186368,0.131204094,0.129251314,0.127327589,0.125432488,0.123565585,0.121726461,0.119914701,0.118129901,0.116371657,0.114639577,0.11293327
53,1.011647053,0.988361262,0.967128266,0.947159943,0.927677894,0.908437804,0.88924226,0.870131624,0.851335085,0.833332288,0.817007304,0.803200318,0.792563678,0.785166221,0.780785466,0.779092772,0.77931269,0.780831569,0.782977793,0.78514165,0.786994252,0.787913935,0.787261674,0.784512189,0.779272964,0.771317963,0.760604474,0.747296919,0.731760225,0.714527502,0.696237587,0.677564809,0.659154669,0.641572872,0.625241758,0.610416967,0.597204712,0.585551804,0.575252059,0.565980508,0.557360064,0.549058557,0.540895599,0.532853833,0.524931465,0.517126727,0.509437877,0.5018632,0.494401003,0.487049621,0.479807412,0.47267276,0.465644071,0.458719774,0.451898324,0.445178195,0.438557887,0.43203592,0.425610836,0.4192812,0.413045597,0.406902633,0.400850934,0.394889147,0.389015939,0.383229997,0.377530026,0.371914752,0.366382919,0.360933289,0.355564642,0.350275779,0.345065514,0.339932682,0.334876134,0.329894739,0.324987381,0.320152963,0.3153904,0.310698628,0.306076596,0.301523269,0.297037626,0.292618665,0.288265393,0.283976838,0.279752038,0.275590046,0.27148993,0.267450772,0.263471666,0.259551721,0.255690059,0.251885814,0.248138133,0.244446176,0.240809117,0.237226139,0.23369644,0.230219228,0.226793724,0.223419159,0.220094778,0.216819834,0.213593593,0.210415331,0.207284337,0.204199908,0.201161351,0.198167986,0.195219141,0.192314154,0.189452374,0.186633159,0.183855877,0.181119903,0.178424625,0.175769438,0.173153746,0.170576961,0.168038506,0.165537811,0.163074315,0.160647465,0.158256716,0.155901532,0.153581384,0.151295751,0.14904412,0.146825986,0.144640851,0.142488224,0.140367622,0.138278568,0.136220595,0.134193239,0.132196046,0.130228567,0.128290361,0.126380991,0.12450003,0.122647055,0.120821649,0.119023404,0.117251914,0.115506783,0.113787618
54,1.013178106,0.986851311,0.963005759,0.941204773,0.920826585,0.901568427,0.883011533,0.864881104,0.847075746,0.829799613,0.813750965,0.799699946,0.788321739,0.779776881,0.773969936,0.77071444,0.769396101,0.769572279,0.770722149,0.772359565,0.774220674,0.775722588,0.776227326,0.775143692,0.771994345,0.766428487,0.758262204,0.747488338,0.734296178,0.719061589,0.702312847,0.684668727,0.666770528,0.649220868,0.632535911,0.617092528,0.603107505,0.590648547,0.579627896,0.569814163,0.560873314,0.552442461,0.544230463,0.536140346,0.52817031,0.520318576,0.512583393,0.504963038,0.497455809,0.490060033,0.482774059,0.475596262,0.468525039,0.461558814,0.45469603,0.447935156,0.441274683,0.434713122,0.42824901,0.421880901,0.415607374,0.409427028,0.403338481,0.397340373,0.391431364,0.385610133,0.37987538,0.374225821,0.368660195,0.363177257,0.357775781,0.352454559,0.347212401,0.342048136,0.336960606,0.331948676,0.327011223,0.322147142,0.317355346,0.312634762,0.307984333,0.303403019,0.298889795,0.29444365,0.290063589,0.285748631,0.28149781,0.277310175,0.273184787,0.269120724,0.265117073,0.26117294,0.25728744,0.253459704,0.249688873,0.245974102,0.242314561,0.238709428,0.235157895,0.231659168,0.228212461,0.224817003,0.221472032,0.218176798,0.214930564,0.2117326,0.208582191,0.20547863,0.202421221,0.199409279,0.196442128,0.193519103,0.190639548,0.187802818,0.185008276,0.182255296,0.17954326,0.17687156,0.174239596,0.171646779,0.169092526,0.166576264,0.164097429,0.161655465,0.159249824,0.156879965,0.154545358,0.152245478,0.14997981,0.147747844,0.14554908,0.143383024,0.14124919,0.1391471,0.13707628,0.135036268,0.133026604,0.131046837,0.129096523,0.127175225,0.12528251,0.123417954,0.121581138,0.11977165,0.117989084,0.116233039,0.11450312
55,1.014581506,0.985471278,0.958811403,0.934609059,0.912582959,0.892576661,0.87411468,0.856709301,0.839956285,0.823739866,0.808488411,0.794789304,0.783245984,0.774039883,0.767164898,0.762560037,0.759757229,0.758473782,0.758359616,0.759076558,0.760477211,0.762052678,0.763202356,0.763324942,0.761869158,0.758397714,0.752593373,0.74430765,0.733562813,0.720567715,0.705704985,0.689495307,0.672536233,0.655436469,0.638757653,0.622969552,0.608405143,0.595242013,0.583509778,0.573087575,0.563721653,0.555073349,0.546799776,0.538672858,0.530666525,0.522778994,0.515008506,0.507353332,0.499811766,0.492382126,0.485062757,0.477852027,0.470748328,0.463750077,0.456855714,0.450063699,0.443372518,0.436780679,0.43028671,0.423889162,0.417586608,0.411377641,0.405260875,0.399234943,0.393298501,0.387450223,0.381688802,0.376012952,0.370421405,0.364912912,0.359486242,0.354140181,0.348873537,0.343685131,0.338573803,0.333538411,0.32857783,0.323690949,0.318876677,0.314133937,0.309461667,0.304858824,0.300324377,0.295857311,0.291456628,0.287121343,0.282850485,0.278643099,0.274498244,0.270414991,0.266392427,0.26242965,0.258525775,0.254679926,0.250891243,0.247158877,0.243481993,0.239859767,0.236291388,0.232776056,0.229312984,0.225901396,0.222540528,0.219229627,0.215967951,0.21275477,0.209589362,0.206471019,0.203399043,0.200372743,0.197391443,0.194454473,0.191561176,0.188710903,0.185903014,0.183136881,0.180411883,0.177727409,0.175082856,0.172477633,0.169911155,0.167382845,0.164892138,0.162438474,0.160021304,0.157640084,0.155294281,0.152983368,0.150706827,0.148464147,0.146254826,0.144078367,0.141934281,0.139822089,0.137741315,0.135691494,0.133672164,0.131682873,0.129723174,0.127792628,0.1258908,0.124017265,0.122171601,0.120353395,0.118562238,0.116797727,0.115059468
56,1.015693125,0.98438089,0.955151802,0.928346542,0.904113243,0.882618945,0.863528953,0.846302226,0.830332297,0.815212517,0.801060005,0.788200542,0.777058282,0.767744278,0.760271096,0.754664153,0.750583154,0.747889233,0.746391425,0.745918946,0.74646473,0.747643346,0.748926906,0.749742111,0.74951988,0.747744328,0.744013472,0.738038473,0.729702039,0.719051816,0.706312556,0.691870635,0.676237032,0.659987045,0.643696885,0.627888351,0.612986853,0.599282519,0.586913631,0.575872376,0.566006513,0.557043049,0.548643407,0.540490656,0.532458826,0.524546131,0.51675081,0.509071128,0.501505376,0.494051871,0.486708951,0.479474983,0.472348355,0.46532748,0.458410793,0.451596753,0.444883842,0.438270563,0.431755443,0.425337029,0.419013889,0.412784614,0.406647815,0.400602121,0.394646185,0.388778678,0.38299829,0.377303731,0.371693731,0.366167036,0.360722414,0.355358647,0.350074539,0.34486891,0.339740596,0.334688452,0.32971135,0.324808177,0.319977837,0.315219252,0.310531357,0.305913105,0.301363464,0.296881416,0.292465959,0.288116105,0.283830883,0.279609333,0.275450512,0.271353489,0.267317347,0.263341184,0.259424109,0.255565247,0.251763734,0.248018718,0.244329363,0.240694841,0.23711434,0.233587058,0.230112204,0.226689002,0.223316684,0.219994495,0.216721691,0.21349754,0.210321318,0.207192316,0.204109831,0.201073172,0.198081661,0.195134626,0.192231407,0.189371354,0.186553825,0.183778189,0.181043824,0.178350117,0.175696465,0.173082272,0.170506952,0.167969929,0.165470632,0.163008503,0.160582988,0.158193544,0.155839635,0.153520733,0.151236319,0.148985879,0.146768909,0.144584912,0.142433397,0.140313883,0.138225893,0.136168959,0.134142621,0.132146422,0.130179915,0.12824266,0.126334221,0.124454169,0.122602084,0.120777549,0.118980155,0.117209499,0.115465183
57,1.016432182,0.983657275,0.952402726,0.923213888,0.896561065,0.873020361,0.852567656,0.834798426,0.819058395,0.80474854,0.791704262,0.779952502,0.769664508,0.760778445,0.753236005,0.747078213,0.742052226,0.738143313,0.73530291,0.733515864,0.732934569,0.733319592,0.734265054,0.735262093,0.735762301,0.73522636,0.733171085,0.729226756,0.723129466,0.714790224,0.704279143,0.691834124,0.677842948,0.662805177,0.647272948,0.631789902,0.616838706,0.602801784,0.589927185,0.578314014,0.567917893,0.558557144,0.549942879,0.541741501,0.533692788,0.525763409,0.517951603,0.510255634,0.50267379,0.495204387,0.487845762,0.480596279,0.473454326,0.466418313,0.459486675,0.452657869,0.445930374,0.439302694,0.432773351,0.426340892,0.420003884,0.413760916,0.407610595,0.401551553,0.395582437,0.389701919,0.383908686,0.378201447,0.372578929,0.367039878,0.361583059,0.356207254,0.350911264,0.345693908,0.34055402,0.335490453,0.330502078,0.32558778,0.320746462,0.315977043,0.311278458,0.306649658,0.302089608,0.29759729,0.2931717,0.288811849,0.284516763,0.280285482,0.27611706,0.272010565,0.267965079,0.263979698,0.26005353,0.256185698,0.252375337,0.248621594,0.244923629,0.241280616,0.237691738,0.234156195,0.230673193,0.227241954,0.22386171,0.220531704,0.21725119,0.214019436,0.210835716,0.207699318,0.204609541,0.201565691,0.198567088,0.19561306,0.192702945,0.189836091,0.187011857,0.184229609,0.181488725,0.17878859,0.176128599,0.173508156,0.170926674,0.168383575,0.165878289,0.163410253,0.160978915,0.15858373,0.156224162,0.15389968,0.151609764,0.1493539,0.147131583,0.144942315,0.142785604,0.140660967,0.138567927,0.136506015,0.134474769,0.132473732,0.130502457,0.1285605,0.126647427,0.124762808,0.12290622,0.121077247,0.119275478,0.117500509,0.115751942
58,1.016753607,0.983342896,0.950748768,0.919674883,0.890789489,0.864974931,0.842599183,0.823556516,0.807326985,0.793268266,0.78102982,0.770370378,0.761175015,0.753140332,0.746037799,0.739835629,0.734297413,0.729491483,0.725491522,0.722421384,0.720581741,0.719897156,0.720106623,0.720815447,0.721532476,0.721732908,0.720905714,0.718598613,0.714471985,0.708284328,0.699972768,0.689627616,0.677497729,0.663970403,0.6495324,0.634711945,0.620020026,0.605900678,0.59269434,0.58060762,0.569700753,0.559893821,0.550977806,0.542651424,0.534591091,0.52665021,0.518827017,0.511119776,0.503526778,0.496046334,0.488676786,0.481416494,0.474263847,0.467217255,0.460275151,0.453435993,0.44669826,0.440060453,0.433521097,0.427078736,0.420731937,0.414479288,0.408319398,0.402250894,0.396272427,0.390382664,0.384580293,0.378864024,0.373232582,0.367684711,0.362219177,0.356834761,0.351530263,0.3463045,0.341156307,0.336084535,0.331088055,0.326165751,0.321316525,0.316539295,0.311832996,0.307196576,0.302629002,0.298129253,0.293696325,0.289329229,0.285026988,0.280788643,0.276613246,0.272499865,0.268447581,0.264455488,0.260522695,0.256648323,0.252831505,0.249071389,0.245367134,0.241717912,0.238122907,0.234581316,0.231092345,0.227655216,0.224269158,0.220933416,0.217647241,0.2144099,0.211220669,0.208078832,0.204983688,0.201934543,0.198930716,0.195971533,0.193056333,0.190184462,0.187355278,0.184568147,0.181822446,0.179117559,0.176452881,0.173827814,0.171241771,0.168694173,0.166184449,0.163712036,0.161276381,0.158876938,0.156513169,0.154184545,0.151890543,0.149630651,0.14740436,0.145211173,0.143050597,0.140922149,0.138825351,0.136759733,0.134724831,0.132720191,0.130745362,0.128799901,0.126883372,0.124995345,0.123135398,0.121303112,0.119498077,0.117719888,0.115968146
59,1.016699322,0.983395977,0.950227922,0.917899403,0.887232592,0.859298021,0.834756529,0.813878633,0.796433599,0.781910589,0.769916811,0.760036132,0.751899152,0.744931359,0.738668456,0.732908686,0.727344361,0.722055924,0.717198282,0.713014464,0.709937833,0.708045294,0.707239169,0.707262838,0.70773198,0.708172498,0.70808244,0.706978036,0.704436536,0.700146709,0.693887458,0.685620242,0.675453668,0.663645724,0.650581648,0.636734277,0.622607337,0.608679105,0.595355385,0.582935382,0.571584813,0.561325459,0.552042989,0.543503249,0.535396202,0.527445405,0.519612383,0.511895401,0.504292748,0.496802739,0.489423712,0.482154031,0.474992083,0.467936279,0.460985053,0.454136862,0.447390184,0.440743523,0.434195401,0.427744363,0.421388977,0.415127829,0.408959529,0.402882704,0.396896003,0.390998094,0.385187667,0.379463427,0.373824101,0.368268435,0.36279519,0.35740315,0.352091113,0.346857896,0.341702333,0.336623277,0.331619595,0.326690172,0.32183391,0.317049726,0.312336554,0.307693343,0.303119057,0.298612676,0.294173196,0.289799625,0.285490988,0.281246324,0.277064685,0.272945138,0.268886763,0.264888655,0.26094992,0.25706968,0.253247067,0.249481227,0.245771321,0.242116518,0.238516003,0.23496897,0.231474627,0.228032193,0.224640899,0.221299987,0.218008709,0.214766331,0.211572126,0.20842538,0.205325391,0.202271464,0.199262916,0.196299075,0.193379276,0.190502868,0.187669206,0.184877656,0.182127594,0.179418404,0.176749479,0.174120223,0.171530046,0.168978369,0.16646462,0.163988236,0.161548663,0.159145355,0.156777773,0.154445387,0.152147675,0.149884122,0.14765422,0.145457471,0.143293381,0.141161467,0.13906125,0.136992259,0.134954032,0.132946111,0.130968046,0.129019394,0.127099717,0.125208587,0.123345578,0.121510273,0.11970226,0.117921135,0.116166497
60,1.016414458,0.983674616,0.950622836,0.917751255,0.88588437,0.85624061,0.829660581,0.80669508,0.787475921,0.771771978,0.759316318,0.74965639,0.742259601,0.736313235,0.731090186,0.726155302,0.721033924,0.715731513,0.710413885,0.705402959,0.701246238,0.698157032,0.696190362,0.69524737,0.695075259,0.695299751,0.695463494,0.695086885,0.693712614,0.69094632,0.686503706,0.680182423,0.671966698,0.661981771,0.650493144,0.637882633,0.624608176,0.611148487,0.597949061,0.585377747,0.573693057,0.563020256,0.553343139,0.544514153,0.536276339,0.528314726,0.520470981,0.512743371,0.505130184,0.497629736,0.490240367,0.482960439,0.47578834,0.468722482,0.461761298,0.454903246,0.448146805,0.441490476,0.434932784,0.428472273,0.42210751,0.415837082,0.409659598,0.403573685,0.397577993,0.391671188,0.38585196,0.380119015,0.374471078,0.368906895,0.363425228,0.358024859,0.352704585,0.347463225,0.34229961,0.337212594,0.332201043,0.327263841,0.322399891,0.317608108,0.312887425,0.308236791,0.303655171,0.299141542,0.2946949,0.290314253,0.285998626,0.281747055,0.277558592,0.273432305,0.269367272,0.265362588,0.261417357,0.257530701,0.253701752,0.249929656,0.24621357,0.242552666,0.238946125,0.235393143,0.231892926,0.228444693,0.225047673,0.221701108,0.218404249,0.215156362,0.211956718,0.208804605,0.205699316,0.202640159,0.199626449,0.196657512,0.193732685,0.190851314,0.188012755,0.185216372,0.18246154,0.179747643,0.177074074,0.174440234,0.171845535,0.169289396,0.166771244,0.164290517,0.161846659,0.159439123,0.157067369,0.154730868,0.152429097,0.150161538,0.147927686,0.145727039,0.143559105,0.141423399,0.139319441,0.137246762,0.135204895,0.133193385,0.13121178,0.129259636,0.127336516,0.125441989,0.12357563,0.121737022,0.119925751,0.118141413,0.116383607
61,1.016129202,0.983953796,0.951444509,0.918681419,0.886285787,0.855479294,0.82724437,0.802303247,0.781056822,0.76362343,0.750004542,0.739872554,0.732665699,0.727423074,0.723188908,0.719269502,0.714961307,0.710100116,0.704776395,0.699321658,0.694358728,0.690217687,0.687089969,0.68502473,0.683920667,0.683528076,0.683482347,0.68334268,0.682651672,0.680978303,0.677956379,0.673328297,0.666910337,0.658709501,0.648867641,0.637657802,0.62545855,0.61271336,0.599876681,0.58736231,0.575501553,0.564507477,0.554459367,0.545303567,0.536860734,0.528853856,0.521004487,0.513271265,0.505652481,0.498146453,0.490751522,0.483466053,0.476288434,0.469217079,0.462250423,0.455386924,0.448625063,0.441963343,0.435400289,0.428934446,0.422564383,0.416288687,0.410105968,0.404014855,0.398013996,0.392102062,0.386277739,0.380539737,0.374886781,0.369317616,0.363831006,0.358425733,0.353100595,0.34785441,0.342686012,0.337594251,0.332577997,0.327636134,0.322767564,0.317971202,0.313245982,0.308590854,0.30400478,0.299486741,0.29503573,0.290650757,0.286330845,0.282075033,0.277882372,0.273751927,0.26968278,0.265674023,0.261724763,0.257834119,0.254001224,0.250225224,0.246505276,0.242840551,0.239230231,0.235673511,0.232169597,0.228717708,0.225317073,0.221966934,0.218666541,0.215415159,0.212212062,0.209056534,0.20594787,0.202885377,0.19986837,0.196896175,0.193968128,0.191083576,0.188241872,0.185442382,0.182684481,0.179967552,0.177290987,0.174654188,0.172056566,0.16949754,0.166976536,0.164492992,0.162046352,0.159636069,0.157261603,0.154922423,0.152618005,0.150347835,0.148111403,0.14590821,0.143737762,0.141599573,0.139493165,0.137418066,0.135373812,0.133359944,0.131376012,0.129421571,0.127496184,0.12559942,0.123730853,0.121890065,0.120076644,0.118290184,0.116530283
62,1.016045427,0.984035816,0.952073449,0.919834192,0.88754176,0.856223045,0.826863324,0.800319987,0.777157435,0.757752244,0.742441062,0.731157461,0.723466016,0.718388489,0.714830517,0.7118753,0.708566979,0.704510649,0.699627697,0.694173904,0.68877954,0.683852092,0.679702,0.676512793,0.674327746,0.673043481,0.67241403,0.672085157,0.671633217,0.670623328,0.668650683,0.665376747,0.66056968,0.654063265,0.64588583,0.636194113,0.62526688,0.613477738,0.601254262,0.589025589,0.577173133,0.565984935,0.555628587,0.546144152,0.537441138,0.529309945,0.521456404,0.513718995,0.506096012,0.498585774,0.491186625,0.483896933,0.476715088,0.469639504,0.462668621,0.455800896,0.449034814,0.442368878,0.435801615,0.429331573,0.42295732,0.416677446,0.410490562,0.404395298,0.398390304,0.392474251,0.386645828,0.380903743,0.375246724,0.369673517,0.364182886,0.358773614,0.3534445,0.348194363,0.343022037,0.337926374,0.332906243,0.327960529,0.323088134,0.318287976,0.313558988,0.308900118,0.304310333,0.29978861,0.295333946,0.290945349,0.286621843,0.282362466,0.278166271,0.274032324,0.269959704,0.265947506,0.261994836,0.258100813,0.254264571,0.250485254,0.246762022,0.243094044,0.239480502,0.235920593,0.232413521,0.228958506,0.225554776,0.222201574,0.21889815,0.215643768,0.212437702,0.209279237,0.206167667,0.203102299,0.200082448,0.197107441,0.194176612,0.191289308,0.188444884,0.185642704,0.182882143,0.180162584,0.177483419,0.17484405,0.172243887,0.169682349,0.167158864,0.164672867,0.162223802,0.159811123,0.15743429,0.155092771,0.152786042,0.150513588,0.148274901,0.146069479,0.14389683,0.141756466,0.139647911,0.13757069,0.135524341,0.133508404,0.131522428,0.12956597,0.12763859,0.125739858,0.123869348,0.122026642,0.120211327,0.118422996,0.116661249
63,1.016275647,0.983810451,0.952024692,0.920329287,0.888556844,0.857351116,0.827509309,0.799889986,0.775185676,0.753928437,0.736700972,0.723760455,0.714928057,0.709358996,0.705950037,0.703652023,0.701293908,0.698227734,0.694145572,0.689134622,0.683748372,0.678403969,0.673490536,0.669312165,0.666043224,0.66372115,0.662240966,0.661361198,0.660738836,0.659968144,0.658637217,0.656367519,0.652847763,0.647871032,0.641287636,0.633145743,0.623615192,0.612978561,0.601602672,0.589897649,0.578266119,0.567050047,0.556493735,0.5467255,0.537746299,0.529429571,0.521537315,0.513801448,0.506179904,0.498671005,0.491273099,0.483984557,0.476803774,0.469729167,0.462759177,0.455892268,0.449126924,0.442461655,0.435894989,0.429425476,0.423051688,0.416772218,0.410585678,0.404490701,0.39848594,0.392570068,0.386741775,0.380999773,0.375342791,0.369769578,0.364278899,0.358869538,0.353540298,0.348289997,0.343117474,0.33802158,0.333001186,0.32805518,0.323182464,0.318381957,0.313652594,0.308993325,0.304403117,0.29988095,0.29542582,0.291036737,0.286712726,0.282452828,0.278256094,0.274121592,0.270048403,0.266035622,0.262082355,0.258187724,0.254350861,0.250570914,0.246847041,0.243178413,0.239564214,0.236003638,0.232495894,0.229040198,0.225635783,0.222281889,0.218977769,0.215722686,0.212515916,0.209356743,0.206244463,0.203178382,0.200157816,0.197182091,0.194250544,0.191362521,0.188517377,0.185714477,0.182953196,0.180232918,0.177553034,0.174912948,0.172312069,0.169749816,0.167225617,0.164738909,0.162289136,0.159875751,0.157498214,0.155155994,0.152848567,0.150575419,0.14833604,0.146129931,0.143956597,0.141815554,0.139706322,0.137628429,0.135581412,0.133564811,0.131578176,0.129621063,0.127693033,0.125793655,0.123922505,0.122079162,0.120263216,0.118474259,0.116711891
64,1.016815973,0.98328192,0.951094589,0.919607632,0.888396698,0.857727686,0.828028296,0.79997439,0.774257109,0.75152931,0.732519685,0.717720323,0.70726671,0.700572253,0.696672929,0.694516534,0.692808798,0.690686769,0.687591718,0.683382651,0.678444359,0.67311975,0.667809498,0.662896882,0.658678422,0.6553182,0.652847909,0.651161525,0.65002293,0.649101303,0.648009674,0.646359662,0.643799122,0.640043669,0.634910502,0.628265603,0.620175447,0.610821121,0.600487038,0.589531344,0.578345088,0.567296951,0.556688504,0.546726037,0.537498336,0.528967487,0.520971892,0.513247395,0.505636965,0.49813893,0.490751645,0.483473486,0.476302854,0.469238173,0.462277888,0.455420469,0.448664406,0.442008213,0.435450423,0.428989592,0.422624296,0.416353132,0.410174718,0.40408769,0.398090706,0.392182442,0.386361594,0.380626877,0.374977023,0.369410785,0.363926933,0.358524254,0.353201553,0.347957654,0.342791396,0.337701635,0.332687246,0.327747119,0.322880158,0.318085287,0.313361442,0.308707577,0.30412266,0.299605676,0.295155621,0.290771509,0.286452368,0.282197239,0.278005177,0.273875253,0.269806548,0.26579816,0.261849197,0.257958784,0.254126054,0.250350157,0.246630254,0.242965516,0.239355129,0.23579829,0.232294208,0.228842103,0.225441207,0.222090763,0.218790026,0.21553826,0.212334741,0.209178756,0.206069603,0.203006587,0.199989028,0.197016252,0.194087597,0.19120241,0.188360047,0.185559876,0.182801272,0.180083619,0.177406312,0.174768753,0.172170353,0.169610533,0.167088721,0.164604356,0.162156881,0.159745751,0.157370427,0.155030379,0.152725085,0.150454029,0.148216704,0.146012611,0.143841256,0.141702156,0.139594831,0.13751881,0.13547363,0.133458834,0.131473971,0.129518598,0.127592276,0.125694576,0.123825072,0.121983348,0.12016899,0.118381593,0.116620757
65,1.017585078,0.982530578,0.949374068,0.917560606,0.886609557,0.856537639,0.827408908,0.799542627,0.773451785,0.749784754,0.729382336,0.712873197,0.700618085,0.692341313,0.687338807,0.68470132,0.6831407,0.681671367,0.679522363,0.676303516,0.672171813,0.667304761,0.66203124,0.656748421,0.651831713,0.647568886,0.64411276,0.641489449,0.639592496,0.638192061,0.636970505,0.63556049,0.633597703,0.630756494,0.626779008,0.621505755,0.614817638,0.606797867,0.597636914,0.587619065,0.577091944,0.566419765,0.555935855,0.5459067,0.536500036,0.527764985,0.519625208,0.511885414,0.504298331,0.496823206,0.489458401,0.482202304,0.475053322,0.468009888,0.461070457,0.454233506,0.447497533,0.440861059,0.434322626,0.427880797,0.421534155,0.415281304,0.409120869,0.403051493,0.39707184,0.391180594,0.385376455,0.379658146,0.374024405,0.36847399,0.363005677,0.357618258,0.352310546,0.347081367,0.341929568,0.33685401,0.331853571,0.326927147,0.322073647,0.317292,0.312581146,0.307940044,0.303367667,0.298863002,0.294425052,0.290052834,0.285745379,0.281501733,0.277320956,0.27320212,0.269144313,0.265146634,0.261208196,0.257328126,0.253505563,0.249739658,0.246029575,0.24237449,0.238773592,0.23522608,0.231731166,0.228288074,0.224896038,0.221554304,0.218262129,0.215018781,0.211823539,0.208675692,0.205574539,0.20251939,0.199509565,0.196544394,0.193623218,0.190745384,0.187910253,0.185117193,0.182365582,0.179654806,0.176984262,0.174353354,0.171761495,0.169208108,0.166692624,0.164214482,0.161773128,0.159368018,0.156998617,0.154664394,0.152364829,0.150099409,0.147867628,0.145668989,0.143502999,0.141369176,0.139267043,0.13719613,0.135155976,0.133146123,0.131166124,0.129215535,0.127293922,0.125400854,0.123535908,0.121698667,0.119888722,0.118105666,0.116349102
66,1.018457903,0.981679295,0.947136066,0.914464832,0.883272172,0.853518282,0.82502824,0.797771992,0.771918535,0.747941965,0.726674109,0.708846906,0.69494914,0.684925721,0.678381122,0.674666362,0.672643668,0.671333621,0.669845188,0.667577516,0.664438908,0.660383106,0.655576631,0.650349259,0.645092012,0.640170549,0.63586284,0.632309682,0.629531864,0.627423177,0.625761,0.624241866,0.622518896,0.620252326,0.61714304,0.612959288,0.607564063,0.600852501,0.592922952,0.583973408,0.574286114,0.564190085,0.554020822,0.54408124,0.534601932,0.525711678,0.517419987,0.509612802,0.50206284,0.494624187,0.487295218,0.480074331,0.472959948,0.465950512,0.459044489,0.452240367,0.445536658,0.43893189,0.432424618,0.426013414,0.419696871,0.413473604,0.407342246,0.401301451,0.395349893,0.389486262,0.38370927,0.378017646,0.372410138,0.366885513,0.361442554,0.356080062,0.350796856,0.345591772,0.340463663,0.335411397,0.330433861,0.325529957,0.320698601,0.315938728,0.311249287,0.306629241,0.30207757,0.297593268,0.293175344,0.288822821,0.284534736,0.28031014,0.276148099,0.272047691,0.268008008,0.264028157,0.260107254,0.256244433,0.252438836,0.24868962,0.244995953,0.241357018,0.237772006,0.234240122,0.230760583,0.227332615,0.223955459,0.220628365,0.217350593,0.214121415,0.210940114,0.207805983,0.204718325,0.201676455,0.198679696,0.195727381,0.192818853,0.189953467,0.187130583,0.184349575,0.181609823,0.178910717,0.176251656,0.173632049,0.171051312,0.168508869,0.166004155,0.163536612,0.16110569,0.158710846,0.156351548,0.154027268,0.15173749,0.149481702,0.147259401,0.145070091,0.142913285,0.140788501,0.138695264,0.136633108,0.134601573,0.132600204,0.130628555,0.128686186,0.126772664,0.12488756,0.123030454,0.121200931,0.119398582,0.117623005,0.115873802
67,1.019313495,0.980846241,0.944728786,0.910804843,0.878864521,0.848948731,0.82082899,0.794247113,0.769037471,0.745342029,0.723820741,0.70519213,0.690039993,0.678432863,0.670192343,0.664974785,0.661906953,0.66015804,0.658844469,0.657245899,0.65505965,0.651995456,0.647999166,0.643244638,0.638059686,0.632826826,0.627900351,0.623547555,0.619896704,0.616963615,0.614643052,0.612720542,0.61090772,0.608878893,0.606319206,0.602955997,0.598583093,0.593085074,0.586370665,0.578551712,0.569831879,0.560482998,0.550813175,0.541133877,0.531716555,0.522755261,0.514339599,0.506439752,0.498904946,0.491516722,0.484237331,0.477065186,0.469998725,0.463036407,0.456176711,0.44941814,0.442759219,0.436198492,0.429734525,0.423365905,0.417091239,0.410909152,0.404818291,0.398817322,0.392904931,0.387079819,0.381340711,0.375686347,0.370115485,0.364626903,0.359219396,0.353891774,0.348642867,0.34347152,0.338376597,0.333356976,0.328411553,0.323539237,0.318738957,0.314009655,0.309350287,0.304759828,0.300237265,0.2957816,0.291391849,0.287067045,0.282806232,0.278608469,0.274472828,0.270398397,0.266384273,0.262429571,0.258533415,0.254694943,0.250913306,0.247187667,0.243517201,0.239901096,0.236338551,0.232828776,0.229370993,0.225964437,0.222608353,0.219301995,0.21604463,0.212835537,0.209674003,0.206559326,0.203490815,0.200467789,0.197489577,0.194555516,0.191664956,0.188817254,0.186011776,0.1832479,0.180525012,0.177842504,0.175199782,0.172596257,0.17003135,0.16750449,0.165015115,0.162562671,0.160146612,0.1577664,0.155421505,0.153111404,0.150835583,0.148593536,0.146384761,0.144208768,0.142065071,0.139953193,0.137872661,0.135823014,0.133803793,0.131814547,0.129854835,0.127924217,0.126022264,0.12414855,0.122302658,0.120484176,0.118692698,0.116927824,0.115189159
68,1.020045805,0.980134338,0.942477441,0.907120569,0.87405206,0.843485313,0.815269517,0.789096731,0.76458488,0.741555201,0.720345666,0.701505918,0.685602152,0.672793154,0.66302067,0.656154279,0.651627077,0.648868564,0.64714271,0.645735245,0.644221822,0.642105754,0.639091359,0.635139128,0.630427739,0.625280571,0.620069653,0.615136606,0.610737417,0.60698757,0.603898353,0.601366239,0.599185778,0.597084499,0.594758453,0.591917869,0.588316277,0.583772408,0.578191442,0.571495053,0.563806927,0.555327813,0.546316536,0.537064882,0.527859023,0.518938084,0.510459144,0.502472636,0.49490994,0.487584853,0.480367553,0.47325647,0.466250061,0.459346802,0.452545191,0.445843747,0.439241013,0.43273555,0.42632594,0.420010784,0.413788706,0.407658348,0.40161837,0.395667454,0.389804299,0.384027622,0.378336161,0.372728669,0.36720392,0.361760702,0.356397824,0.35111411,0.345908402,0.340779556,0.335726448,0.330747969,0.325843025,0.321010539,0.316249448,0.311558706,0.306937281,0.302384157,0.297898331,0.293478816,0.289124639,0.28483484,0.280608474,0.27644461,0.272342329,0.268300727,0.264318911,0.260396004,0.256531138,0.252723462,0.248972132,0.245276322,0.241635213,0.238048001,0.234513893,0.231032108,0.227601873,0.224222432,0.220893035,0.217612945,0.214381437,0.211197794,0.20806131,0.204971292,0.201927053,0.198927919,0.195973225,0.193062315,0.190194544,0.187369275,0.184585881,0.181843744,0.179142256,0.176480816,0.173858833,0.171275725,0.168730917,0.166223845,0.16375395,0.161320684,0.158923506,0.156561882,0.154235287,0.151943203,0.14968512,0.147460536,0.145268956,0.143109891,0.140982861,0.138887393,0.136823018,0.134789278,0.132785719,0.130811896,0.128867367,0.126951699,0.125064466,0.123205247,0.121373627,0.119569197,0.117791555,0.116040305,0.114315056
69,1.020568465,0.97962687,0.940655238,0.903889294,0.869510309,0.837917896,0.809126081,0.78290241,0.758820003,0.736494492,0.715955005,0.69744049,0.681351085,0.667826468,0.656894248,0.648540428,0.642411675,0.638237695,0.635539127,0.633745206,0.632432745,0.630986931,0.628906389,0.625916725,0.621991358,0.617311632,0.61219444,0.606999755,0.602055563,0.597606155,0.59375423,0.590507067,0.587763573,0.585328086,0.582944669,0.580331463,0.577223736,0.573400748,0.568705295,0.563062062,0.556405007,0.548860865,0.540624679,0.53194693,0.523101647,0.514348646,0.505894085,0.497857843,0.490251398,0.482968083,0.475823332,0.468783608,0.461847386,0.455013164,0.44827946,0.441644813,0.435107785,0.428666956,0.422320926,0.416068316,0.409907768,0.403837939,0.39785751,0.391965177,0.386159656,0.380439683,0.374804008,0.369251404,0.363780657,0.358390572,0.353079972,0.347847696,0.342692599,0.337613554,0.332609449,0.327679188,0.322821691,0.318035894,0.313320747,0.308675216,0.304098282,0.29958894,0.2951462,0.290769086,0.286456637,0.282207904,0.278021953,0.273897864,0.269834728,0.265831653,0.261887755,0.258002167,0.254174032,0.250402507,0.24668676,0.243025972,0.239419335,0.235866053,0.232365342,0.228916429,0.225518552,0.222170961,0.218872916,0.215623687,0.212422557,0.209268818,0.206161771,0.20310073,0.200085017,0.197113964,0.194186913,0.191303216,0.188462235,0.185663339,0.182905908,0.180189332,0.177513007,0.17487634,0.172278747,0.16971965,0.167198482,0.164714683,0.162267702,0.159856995,0.157482028,0.155142271,0.152837206,0.15056632,0.148329109,0.146125074,0.143953727,0.141814583,0.139707168,0.137631012,0.135585653,0.133570637,0.131585514,0.129629843,0.127703188,0.125805121,0.123935218,0.122093063,0.120278246,0.118490361,0.116729012,0.114993805,0.113284352
70,1.020804455,0.979397911,0.939491808,0.901516323,0.865834758,0.833028099,0.803287719,0.776539206,0.752430332,0.730536161,0.710688845,0.692832165,0.67706626,0.663369322,0.651747611,0.642268529,0.634695449,0.628966383,0.624897016,0.622166875,0.620488331,0.619249527,0.617829003,0.61575044,0.612760076,0.608842733,0.60418062,0.599082541,0.593895275,0.588932578,0.584426909,0.580468416,0.57706094,0.574106502,0.571419864,0.568762056,0.56587341,0.562513944,0.558487967,0.553661328,0.547977041,0.541373131,0.533976515,0.525981448,0.517628554,0.509172882,0.500847069,0.492823886,0.485185986,0.477906291,0.470841018,0.463879467,0.457020137,0.450261548,0.443602241,0.437040777,0.430575738,0.424205725,0.41792936,0.411745282,0.405652153,0.39964865,0.393733472,0.387905334,0.382162971,0.376505136,0.370930597,0.365438142,0.360026577,0.354694722,0.349441417,0.344265515,0.339165889,0.334141427,0.32919103,0.324313619,0.319508127,0.314773505,0.310108718,0.305512744,0.300984578,0.296523228,0.292127719,0.287797085,0.283530379,0.279326664,0.275185019,0.271104533,0.267084313,0.263123474,0.259221146,0.255376473,0.251588607,0.247856718,0.244179982,0.240557592,0.23698875,0.23347267,0.230008576,0.226595707,0.223233309,0.219920641,0.216656973,0.213441584,0.210273764,0.207152815,0.204078048,0.201048782,0.198064348,0.195124088,0.192227351,0.189373496,0.186561893,0.183791919,0.181062961,0.178374415,0.175725686,0.173116187,0.17054534,0.168012577,0.165517334,0.16305906,0.160637208,0.158251243,0.155900635,0.153584861,0.15130341,0.149055773,0.146841452,0.144659956,0.1425108,0.140393506,0.138307604,0.136252631,0.13422813,0.13223365,0.130268749,0.128332989,0.126425939,0.124547177,0.122696283,0.120872846,0.119076459,0.117306724,0.115563245,0.113845635,0.112153512
71,1.020695249,0.97950385,0.939185448,0.900345876,0.863534919,0.829505434,0.79862139,0.770977688,0.746374851,0.724461324,0.705030892,0.687841376,0.672710783,0.659328737,0.647542222,0.637394664,0.628730027,0.621599049,0.616021984,0.611966301,0.609384703,0.607800737,0.606590943,0.605157938,0.603050805,0.600035625,0.596107244,0.591447303,0.586355376,0.581164386,0.576173657,0.571603977,0.567533391,0.563962935,0.560798364,0.557865347,0.554942089,0.551790966,0.54819622,0.543986335,0.53904909,0.533336612,0.526788834,0.519538191,0.511776657,0.50373371,0.495644467,0.487713806,0.480080898,0.472791304,0.46577989,0.45889804,0.452117098,0.445435607,0.438852129,0.432365249,0.425973571,0.419675716,0.413470328,0.407356068,0.401331615,0.39539567,0.389546949,0.383784187,0.378106137,0.37251157,0.366999273,0.361568053,0.356216731,0.350944146,0.345749152,0.340630623,0.335587444,0.330618519,0.325722768,0.320899123,0.316146536,0.31146397,0.306850404,0.302304832,0.297826262,0.293413716,0.289066231,0.284782856,0.280562656,0.276404707,0.272308099,0.268271936,0.264295334,0.260377422,0.256517341,0.252714245,0.248967299,0.245275682,0.241638583,0.238055203,0.234524756,0.231046466,0.227619568,0.224243308,0.220916944,0.217639744,0.214410986,0.21122996,0.208095965,0.205008311,0.201966316,0.19896931,0.196016633,0.193107632,0.190241666,0.187418103,0.184636318,0.181895698,0.179195636,0.176535537,0.173914813,0.171332883,0.168789177,0.166283133,0.163814195,0.161381817,0.15898546,0.156624595,0.154298698,0.152007254,0.149749755,0.1475257,0.145334598,0.143175961,0.141049311,0.138954176,0.136890092,0.1348566,0.132853249,0.130879594,0.128935197,0.127019625,0.125132455,0.123273265,0.121441643,0.119637182,0.11785948,0.116108143,0.11438278,0.112683009,0.11100845
72,1.020217493,0.979967582,0.939866222,0.900640239,0.863008693,0.827902139,0.795848481,0.767107193,0.741641499,0.719247286,0.699788891,0.682990836,0.668495848,0.65572465,0.64424283,0.633935405,0.624622539,0.6164317,0.609493852,0.603976317,0.600110057,0.597657823,0.596124399,0.594904075,0.59342474,0.591260795,0.588197261,0.584237808,0.579562446,0.574460854,0.569251904,0.564220686,0.559576759,0.555386721,0.55164948,0.548275107,0.545100516,0.541921119,0.538520986,0.534707882,0.530333473,0.525297706,0.519558849,0.513065235,0.505953401,0.49841174,0.490657546,0.482905273,0.475331652,0.468042173,0.461045491,0.45423892,0.447531995,0.440923282,0.434411368,0.427994858,0.421672377,0.415442569,0.409304097,0.403255643,0.397295907,0.391423606,0.385637478,0.379936276,0.374318771,0.368783753,0.363330026,0.357956413,0.352661754,0.347444902,0.342304731,0.337240128,0.332249994,0.32733325,0.32248883,0.317715681,0.313012768,0.30837907,0.30381358,0.299315306,0.294883268,0.290516502,0.286214057,0.281974997,0.277798396,0.273683345,0.269628946,0.265634313,0.261698575,0.257820871,0.254000354,0.250236189,0.246527552,0.242873632,0.239273628,0.235726752,0.232232228,0.228789288,0.225397178,0.222055154,0.218762482,0.21551844,0.212322315,0.209173405,0.206071017,0.20301447,0.200003092,0.197036219,0.1941132,0.19123339,0.188396155,0.18560087,0.18284692,0.180133697,0.177460602,0.174827047,0.17223245,0.169676239,0.167157848,0.164676723,0.162232315,0.159824084,0.157451497,0.155114031,0.152811167,0.150542398,0.148307221,0.146105141,0.14393567,0.14179833,0.139692645,0.13761815,0.135574385,0.133560898,0.131577241,0.129622975,0.127697667,0.125800889,0.123932221,0.122091248,0.120277562,0.118490759,0.116730443,0.114996223,0.113287715,0.111604537,0.109946317
73,1.019407955,0.980754355,0.941550558,0.902523669,0.864510612,0.828605247,0.79550594,0.765628791,0.739094806,0.715856309,0.695919044,0.679078262,0.664948813,0.652787054,0.64189767,0.63188877,0.622424301,0.613605777,0.605639381,0.598800973,0.593515287,0.589822995,0.587460876,0.585940719,0.584676382,0.583121532,0.580875403,0.577740964,0.573729694,0.569019289,0.563889345,0.558644952,0.553557565,0.548826256,0.544507022,0.540597399,0.537012333,0.533600255,0.53017369,0.526537943,0.52252352,0.517994936,0.512860982,0.507092426,0.500645253,0.49365886,0.486316986,0.478823914,0.471372893,0.464112241,0.457113709,0.450349171,0.443705358,0.437158666,0.430707701,0.42435109,0.418087477,0.411915526,0.405833918,0.399841355,0.393936553,0.388118249,0.382385198,0.376736169,0.371169951,0.365685349,0.360281184,0.354956296,0.349709537,0.344539779,0.339445908,0.334426826,0.32948145,0.324608713,0.319807562,0.315076959,0.310415883,0.305823323,0.301298286,0.296839792,0.292446874,0.288118579,0.283853968,0.279652116,0.275512109,0.271433047,0.267414044,0.263454225,0.259552729,0.255708704,0.251921315,0.248189734,0.244513149,0.240890756,0.237321766,0.233805398,0.230340885,0.226927468,0.223564401,0.220250949,0.216986387,0.213769998,0.21060108,0.207478936,0.204402883,0.201372247,0.198386361,0.195444571,0.192546231,0.189690705,0.186877363,0.184105589,0.181374773,0.178684314,0.17603362,0.173422107,0.170849201,0.168314335,0.16581695,0.163356496,0.16093243,0.158544218,0.156191333,0.153873256,0.151589475,0.149339486,0.147122792,0.144938903,0.142787337,0.140667618,0.138579277,0.136521852,0.134494889,0.132497939,0.13053056,0.128592316,0.126682778,0.124801523,0.122948135,0.121122202,0.119323321,0.117551092,0.115805122,0.114085024,0.112390416,0.110720923,0.109076174
74,1.018337777,0.981796369,0.944110782,0.905925062,0.86807886,0.831782231,0.79789148,0.766986349,0.739338002,0.715050369,0.694279465,0.676958628,0.662774542,0.650961773,0.640666655,0.631241068,0.622075948,0.613116532,0.604543131,0.596705889,0.590135654,0.585069382,0.581517293,0.579210944,0.577671473,0.576333428,0.574676247,0.572323261,0.56909441,0.56500821,0.560239738,0.555058745,0.549757229,0.544593958,0.539758526,0.535297342,0.531207421,0.527409188,0.523762849,0.520097944,0.516240543,0.512032888,0.507348686,0.502112379,0.496305968,0.489892386,0.483012822,0.47584546,0.468580893,0.461390706,0.454394527,0.447630207,0.441032781,0.434531614,0.428125328,0.421812569,0.415591997,0.409462293,0.403422155,0.397470298,0.391605458,0.385826385,0.380131847,0.37452063,0.368991536,0.363543385,0.358175011,0.352885266,0.347673018,0.342537148,0.337476557,0.332490157,0.327576879,0.322735665,0.317965477,0.313265285,0.308634079,0.304070861,0.299574646,0.295144465,0.29077936,0.28647839,0.282240623,0.278065144,0.273951049,0.269897447,0.265903459,0.261968219,0.258090875,0.254270584,0.250506516,0.246797854,0.243143792,0.239543534,0.235996298,0.232501311,0.229057811,0.225665048,0.222322283,0.219028785,0.215783837,0.212586729,0.209436764,0.206333252,0.203275516,0.200262886,0.197294703,0.194370318,0.191489089,0.188650385,0.185853586,0.183098076,0.180383251,0.177708517,0.175073285,0.172476977,0.169919022,0.167398859,0.164915933,0.162469698,0.160059617,0.157685158,0.155345798,0.153041024,0.150770327,0.148533206,0.146329169,0.14415773,0.142018409,0.139910734,0.137834241,0.135788472,0.133772973,0.131787301,0.129831016,0.127903686,0.126004885,0.124134193,0.122291196,0.120475487,0.118686664,0.11692433,0.115188096,0.113477577,0.111792395,0.110132175,0.108496551
75,1.017108458,0.982996056,0.947324662,0.91057344,0.873504698,0.837335764,0.803036941,0.77134051,0.742674789,0.717288168,0.695482991,0.677338485,0.662677334,0.650807846,0.640857334,0.632022439,0.623440731,0.614785836,0.606083246,0.597658131,0.590115497,0.583802506,0.578926219,0.575481668,0.573197911,0.571607244,0.570165585,0.568377893,0.565890822,0.562540464,0.558351874,0.553497552,0.548238001,0.542853127,0.537590217,0.532630597,0.528012236,0.523732586,0.519718227,0.515841476,0.511948861,0.507875381,0.50347103,0.498626274,0.493279866,0.487423853,0.481027487,0.474232808,0.467211641,0.460140249,0.453168053,0.446385577,0.439796388,0.433320227,0.426938383,0.420649515,0.414452297,0.408345423,0.402327604,0.396397569,0.390554063,0.384795851,0.379121711,0.373530441,0.368020854,0.36259178,0.357242064,0.351970568,0.346776169,0.34165776,0.336614248,0.331644558,0.326747627,0.321922409,0.317167869,0.31248299,0.307866769,0.303318214,0.298836349,0.294420213,0.290068854,0.285781338,0.281556742,0.277394155,0.273292681,0.269251435,0.265269544,0.261346149,0.257480402,0.253671467,0.24991852,0.246220749,0.242577353,0.238987542,0.235450537,0.231965572,0.22853189,0.225148744,0.2218154,0.218531133,0.215295228,0.212106981,0.208965698,0.205870694,0.202821295,0.199816836,0.196856661,0.193940123,0.191066587,0.188235424,0.185446015,0.18269775,0.179990029,0.177322258,0.174693853,0.172104239,0.169552849,0.167039121,0.164562507,0.162122462,0.15971845,0.157349944,0.155016424,0.152717376,0.150452296,0.148220686,0.146022054,0.143855917,0.141721799,0.139619229,0.137547744,0.135506887,0.13349621,0.131515269,0.129563627,0.127640853,0.125746523,0.123880219,0.12204153,0.120230048,0.118445374,0.116687114,0.114954878,0.113248285,0.111566956,0.109910519,0.108278608
76,1.015852818,0.984224444,0.950882246,0.916050585,0.880334951,0.844883633,0.810676974,0.778558341,0.74910283,0.722710377,0.699823728,0.680663719,0.665195556,0.652861957,0.642864548,0.634382186,0.626398145,0.618333585,0.609944198,0.601402406,0.593290559,0.586033557,0.579952656,0.575235329,0.571864128,0.56956798,0.567891837,0.566313509,0.564363229,0.561710353,0.558206548,0.553883214,0.548910613,0.54354085,0.538042953,0.5326541,0.527548702,0.522757546,0.518279586,0.514048357,0.509948748,0.505831439,0.501536064,0.496929028,0.491916302,0.486449697,0.480530232,0.474132927,0.467399801,0.460495534,0.453581362,0.446783886,0.440163873,0.433689913,0.427310014,0.421022845,0.414827091,0.408721454,0.402704655,0.396775432,0.390932539,0.385174748,0.379500847,0.373909641,0.36839995,0.362970612,0.357620479,0.35234842,0.347153318,0.342034073,0.336989599,0.332018824,0.327120693,0.322294165,0.317538211,0.312851819,0.308233989,0.303683737,0.29920009,0.29478209,0.290428792,0.286139265,0.28191259,0.277747859,0.273644181,0.269600674,0.265616469,0.26169071,0.257822552,0.254011163,0.250255721,0.246555416,0.242909451,0.239317039,0.235777404,0.23228978,0.228853414,0.225467562,0.22213149,0.218844477,0.21560581,0.212414786,0.209270713,0.206172908,0.203120699,0.200113421,0.197150422,0.194231055,0.191354687,0.18852069,0.185728446,0.182977348,0.180266795,0.177596195,0.174964966,0.172372532,0.169818328,0.167301795,0.164822383,0.162379548,0.159972757,0.157601483,0.155265205,0.152963412,0.1506956,0.14846127,0.146259933,0.144091105,0.141954311,0.139849081,0.137774951,0.135731467,0.133718179,0.131734645,0.129780426,0.127855095,0.125958226,0.124089401,0.12224821,0.120434246,0.118647109,0.116886405,0.115151746,0.113442749,0.111759036,0.110100237,0.108465984
77,1.014682418,0.985372195,0.95443329,0.921845209,0.887968536,0.853805655,0.820273664,0.788227165,0.758348227,0.731178605,0.707309365,0.687096936,0.670644007,0.657531999,0.647095999,0.638589713,0.630977896,0.623527825,0.61574329,0.607528959,0.599318168,0.591515656,0.584525578,0.578649818,0.574058562,0.570724355,0.568378129,0.566578882,0.564826867,0.562677509,0.559822508,0.55612884,0.551634352,0.54650766,0.540993532,0.535351492,0.529810115,0.524538375,0.519561262,0.514880442,0.510437367,0.506115357,0.501764647,0.497239594,0.492421952,0.487232048,0.481633619,0.475635669,0.469218519,0.462523321,0.455706779,0.44891427,0.442248701,0.435740125,0.429338448,0.423029569,0.416812182,0.410684994,0.404646732,0.39869614,0.392831976,0.387053018,0.381358057,0.375745904,0.370215383,0.364765335,0.359394616,0.354102099,0.348886669,0.343747231,0.3386827,0.333692009,0.328774103,0.323927945,0.319152507,0.314446781,0.309809767,0.305240482,0.300737958,0.296301235,0.291929372,0.287621437,0.283376513,0.279193694,0.275072089,0.271010816,0.267009007,0.263065807,0.259180372,0.255351869,0.251579477,0.247862387,0.244199801,0.240590932,0.237035004,0.233531252,0.230078922,0.226677269,0.223325561,0.220023075,0.216769097,0.213562925,0.210403865,0.207291236,0.204224362,0.20120258,0.198225236,0.195291684,0.192401287,0.189553419,0.186747461,0.183982803,0.181258845,0.178574994,0.175930667,0.173325287,0.170758287,0.168229107,0.165737197,0.163282013,0.160863019,0.158479686,0.156131495,0.153817932,0.151538492,0.149292675,0.147079991,0.144899954,0.142752089,0.140635923,0.138550994,0.136496844,0.134473023,0.132479087,0.130514597,0.128579123,0.126672239,0.124793527,0.122942573,0.12111897,0.119322318,0.11755222,0.115808287,0.114090136,0.112397388,0.110729669,0.109086612
78,1.013687022,0.986350424,0.957678793,0.927431197,0.89573156,0.863350164,0.831066414,0.799675388,0.769869412,0.742293539,0.717678515,0.696523877,0.67906313,0.665009315,0.653834519,0.644926309,0.637322925,0.63027402,0.623129179,0.615542046,0.607681979,0.599804572,0.592299349,0.585554192,0.579853129,0.575351191,0.572013233,0.569574274,0.567608829,0.565640386,0.563249822,0.5601512,0.556226892,0.551521594,0.546203091,0.540510022,0.534693881,0.528976232,0.523522185,0.518352454,0.513472786,0.508816687,0.504260898,0.4996671,0.494903599,0.489866567,0.48448966,0.47874751,0.47265619,0.466200948,0.459521185,0.452764683,0.446059934,0.439484991,0.433037893,0.426683971,0.420421919,0.414250448,0.408168288,0.402174184,0.396266897,0.390445205,0.384707904,0.379053802,0.373481727,0.367990519,0.362579036,0.35724615,0.351990748,0.346811733,0.341708022,0.336678545,0.33172225,0.326838095,0.322025056,0.31728212,0.312608289,0.308002578,0.303464016,0.298991645,0.294584519,0.290241707,0.285962288,0.281745357,0.277590019,0.273495391,0.269460604,0.265484798,0.261567129,0.257706762,0.253902873,0.25015465,0.246461294,0.242822015,0.239236034,0.235702584,0.232220907,0.228790259,0.225409901,0.22207911,0.218797169,0.215563372,0.212377024,0.209237439,0.20614394,0.20309586,0.200092543,0.19713334,0.194217611,0.191344726,0.188514065,0.185725014,0.18297697,0.180269338,0.17760153,0.174972968,0.172383081,0.169831308,0.167317093,0.164839891,0.162399162,0.159994376,0.157625009,0.155290546,0.152990476,0.150724299,0.148491522,0.146291655,0.144124219,0.141988742,0.139884755,0.137811799,0.135769422,0.133757175,0.131774618,0.129821318,0.127896846,0.12600078,0.124132706,0.122292213,0.120478897,0.11869236,0.11693221,0.115198061,0.113489531,0.111806244,0.110147832
79,1.012892453,0.987132679,0.960414177,0.932397106,0.902991419,0.872742007,0.842206685,0.812048789,0.782902171,0.755420999,0.73043858,0.708588817,0.69024257,0.675235782,0.663169535,0.653568945,0.645604405,0.63860156,0.631892293,0.62497644,0.61777534,0.610276604,0.602724315,0.595497846,0.588969007,0.58340538,0.578948848,0.57555884,0.572976634,0.570794019,0.568558924,0.56587842,0.562489413,0.558290147,0.553332836,0.547785407,0.541881648,0.535866522,0.529956198,0.524313533,0.518956615,0.513877103,0.508994974,0.504194422,0.499348172,0.494337844,0.48907322,0.483500372,0.477603881,0.471406032,0.464896695,0.458212544,0.451491324,0.444843359,0.438320376,0.431899683,0.42557151,0.41933457,0.413187589,0.407129314,0.401158506,0.395273941,0.389474413,0.38375873,0.378125718,0.372574216,0.36710308,0.361711179,0.356397398,0.351160637,0.345999811,0.340913848,0.335901692,0.330962298,0.326094639,0.321297699,0.316570476,0.311911981,0.307321241,0.302797292,0.298339187,0.293945988,0.289616772,0.285350629,0.28114666,0.277003978,0.272921708,0.268898989,0.26493497,0.261028812,0.257179686,0.253386778,0.249649281,0.245966402,0.242337357,0.238761375,0.235237693,0.231765561,0.228344238,0.224972993,0.221651105,0.218377866,0.215152572,0.211974535,0.208843073,0.205757514,0.202717196,0.199721465,0.196769678,0.1938612,0.190995405,0.188171675,0.185389401,0.182647985,0.179946833,0.177285363,0.174663,0.172079176,0.169533332,0.167024918,0.16455339,0.162118212,0.159718856,0.157354802,0.155025537,0.152730554,0.150469355,0.148241447,0.146046347,0.143883577,0.141752665,0.139653147,0.137584566,0.13554647,0.133538415,0.131559962,0.12961068,0.127690142,0.125797929,0.123933626,0.122096826,0.120287128,0.118504133,0.116747453,0.115016702,0.113311501,0.111631475
80,1.012296921,0.98771979,0.962581841,0.936505291,0.909303725,0.88131747,0.85288906,0.824468619,0.796561421,0.769763758,0.744919669,0.722760781,0.703785832,0.687957983,0.674997335,0.66455827,0.655946536,0.648624213,0.642000211,0.635557762,0.629067335,0.622261036,0.615114467,0.607869116,0.600893098,0.594542371,0.589069401,0.584604861,0.581105041,0.578319873,0.57586057,0.573301216,0.570276341,0.566546649,0.562027079,0.556778252,0.550969302,0.544830451,0.5386016,0.532495102,0.526673184,0.521130275,0.515837572,0.510718017,0.505663193,0.500556576,0.495292592,0.489793935,0.484018269,0.477959243,0.471644506,0.46506832,0.458363521,0.451656492,0.445037838,0.438531162,0.432117879,0.425796702,0.419566356,0.413425585,0.407373147,0.401407817,0.395528385,0.389733658,0.384022457,0.378393617,0.372845991,0.367378445,0.361989858,0.356679128,0.351445164,0.34628689,0.341203244,0.336193178,0.331255659,0.326389665,0.32159419,0.31686824,0.312210835,0.307621006,0.3030978,0.298640275,0.2942475,0.28991856,0.285652549,0.281448575,0.277305758,0.273223229,0.26920013,0.265235617,0.261328856,0.257479024,0.25368531,0.249946912,0.246263043,0.242632922,0.239055783,0.235530866,0.232057426,0.228634724,0.225262035,0.22193864,0.218663834,0.215436918,0.212257206,0.209124019,0.206036688,0.202994553,0.199996965,0.197043282,0.194132871,0.191265109,0.188439381,0.18565508,0.182911609,0.180208378,0.177544805,0.174920318,0.172334351,0.169786347,0.167275756,0.164802037,0.162364656,0.159963086,0.157596808,0.15526531,0.152968088,0.150704644,0.148474487,0.146277134,0.144112109,0.141978941,0.139877167,0.137806331,0.135765982,0.133755676,0.131774977,0.129823452,0.127900677,0.126006232,0.124139705,0.122300688,0.12048878,0.118703586,0.116944714,0.115211782,0.113504409
81,1.011843394,0.98816737,0.964225655,0.939728517,0.914452413,0.888646495,0.862458232,0.836131013,0.809962673,0.784423462,0.760302811,0.738339932,0.719124576,0.70273571,0.689015021,0.677735356,0.668328535,0.660397545,0.653489914,0.647168365,0.641190664,0.635126408,0.628684542,0.62184024,0.614827945,0.608001663,0.601700715,0.596163527,0.591512035,0.587703176,0.584500627,0.581541218,0.578432274,0.574843552,0.570567785,0.565545151,0.559853408,0.553671788,0.54723604,0.540790439,0.53452402,0.528547761,0.522825305,0.517326729,0.511978368,0.506679539,0.501324635,0.495820772,0.49010316,0.48414039,0.477934315,0.471516996,0.464886918,0.458171388,0.451483508,0.444892109,0.438399244,0.431999232,0.425690801,0.419472696,0.413343675,0.407302514,0.401348002,0.395478946,0.389694166,0.383992497,0.378372789,0.372833908,0.367374732,0.361994154,0.356691084,0.351464441,0.346313162,0.341236197,0.336232507,0.331301069,0.326440874,0.321650923,0.316930232,0.31227783,0.307692759,0.303174072,0.298720836,0.29433213,0.290007044,0.285744681,0.281544157,0.277404598,0.273325142,0.269304939,0.26534315,0.261438947,0.257591515,0.253800046,0.250063747,0.246381834,0.242753533,0.239178081,0.235654725,0.232182724,0.228761344,0.225389864,0.22206757,0.218793761,0.215567742,0.212388831,0.209256352,0.206169641,0.203128042,0.200130908,0.1971776,0.19426749,0.191399958,0.18857439,0.185790184,0.183046745,0.180343485,0.177679826,0.175055197,0.172469037,0.169920788,0.167409906,0.164935849,0.162498087,0.160096094,0.157729354,0.155397356,0.153099598,0.150835584,0.148604826,0.146406841,0.144241154,0.142107298,0.140004809,0.137933234,0.135892123,0.133881034,0.131899531,0.129947182,0.128023566,0.126128263,0.124260862,0.122420957,0.120608147,0.118822037,0.117062239,0.115328369
82,1.011400701,0.988604648,0.96557388,0.942272484,0.918562442,0.894658558,0.870623632,0.846514443,0.822428671,0.798634203,0.775799554,0.754608021,0.735651374,0.719086367,0.704863019,0.692873834,0.682664409,0.673969792,0.666481121,0.659903376,0.654078928,0.648553312,0.642858424,0.636703755,0.630065258,0.623170765,0.616361373,0.609962307,0.604201859,0.59919822,0.594915078,0.59113703,0.587534361,0.583755669,0.57951373,0.574640642,0.569108649,0.563019082,0.556567564,0.549963734,0.543383767,0.536975973,0.530842395,0.524938499,0.519233582,0.513657653,0.508117897,0.50251953,0.496782012,0.490852475,0.484709645,0.478362661,0.471847054,0.465165379,0.458437889,0.451762644,0.445184733,0.438700445,0.43230851,0.426007676,0.419796702,0.413674366,0.407639458,0.401690785,0.395827168,0.390047442,0.384350456,0.378735075,0.373200177,0.367744655,0.362367414,0.357067374,0.351843469,0.346694646,0.341619865,0.3366181,0.331688338,0.326829578,0.322040833,0.317321127,0.312669499,0.308084999,0.303566689,0.299113644,0.294724951,0.290399708,0.286137025,0.281936025,0.277795842,0.273715619,0.269694514,0.265731694,0.261826336,0.257977631,0.254184779,0.25044699,0.246763485,0.243133496,0.239556265,0.236031045,0.232557096,0.229133692,0.225760114,0.222435653,0.219159611,0.215931299,0.212750036,0.209615152,0.206525984,0.203481881,0.200482197,0.1975263,0.194613561,0.191743364,0.188915099,0.186128165,0.18338197,0.180675928,0.178009465,0.175382011,0.172793006,0.170241897,0.167728139,0.165251194,0.162810532,0.16040563,0.158035973,0.155701052,0.153400367,0.151133422,0.148899731,0.146698814,0.144530196,0.14239341,0.140287995,0.138213499,0.136169472,0.134155473,0.132171068,0.130215826,0.128289326,0.126391149,0.124520886,0.122678129,0.120862481,0.119073546,0.117310937
83,1.01089081,0.989108779,0.966958886,0.944566726,0.922041288,0.899681785,0.877521496,0.855538477,0.833650818,0.811932269,0.79085644,0.77098691,0.752855737,0.736608892,0.722265248,0.709822124,0.698938286,0.689468304,0.681238019,0.674100184,0.66804557,0.662694559,0.657536895,0.652099664,0.646098086,0.639512101,0.632565564,0.625590095,0.618901638,0.612724638,0.607181102,0.602250356,0.597748044,0.593388764,0.588873318,0.583968001,0.578554073,0.572644957,0.566325159,0.559712628,0.552967418,0.546251687,0.53970145,0.533409914,0.527325053,0.521415738,0.515615942,0.509840849,0.504006401,0.498044025,0.49191215,0.485598817,0.479119491,0.472512204,0.465783448,0.459044807,0.452377421,0.445805037,0.439325773,0.432938378,0.426641619,0.420434274,0.414315137,0.408283016,0.402336735,0.396475129,0.39069705,0.385001362,0.379386944,0.373852687,0.368397499,0.363020297,0.357720014,0.352495597,0.347346004,0.342270206,0.337267189,0.332335949,0.327475498,0.322684856,0.317963059,0.313309154,0.3087222,0.304201269,0.299745442,0.295353816,0.291025496,0.2867596,0.282555258,0.278411609,0.274327807,0.270303013,0.266336402,0.262427157,0.258574474,0.254777558,0.251035626,0.247347904,0.243713629,0.240132047,0.236602415,0.233124,0.229696078,0.226317936,0.222988868,0.21970818,0.216475186,0.21328921,0.210149583,0.207055648,0.204006756,0.201002265,0.198041543,0.195123967,0.192248922,0.1894158,0.186624005,0.183872945,0.181162037,0.178490709,0.175858394,0.173264532,0.170708573,0.168189974,0.165708198,0.163262718,0.160853011,0.158478565,0.156138871,0.153833431,0.151561751,0.149323345,0.147117733,0.144944444,0.142803011,0.140692974,0.13861388,0.136565283,0.134546741,0.13255782,0.130598093,0.128667135,0.126764532,0.124889873,0.123042752,0.121222771,0.119429536
84,1.010303258,0.989690328,0.968550594,0.947037139,0.925416066,0.904227968,0.883592045,0.863461286,0.843680175,0.824149344,0.805156508,0.787074537,0.77031441,0.75495092,0.740982706,0.728470966,0.717170857,0.707055236,0.698071722,0.690212132,0.68362183,0.678061839,0.673076871,0.668139869,0.662783254,0.656735644,0.649987266,0.642764044,0.635395088,0.628195511,0.621395955,0.615133697,0.609416575,0.604105417,0.598973854,0.59378949,0.588386088,0.582643913,0.576496757,0.56998089,0.563205387,0.556317084,0.549464109,0.542770286,0.536320135,0.530054891,0.523943356,0.517923742,0.511919323,0.505856611,0.499678567,0.493354242,0.486880112,0.480276984,0.473584394,0.466812666,0.460063048,0.453397802,0.446826442,0.440347722,0.433960414,0.427663302,0.421455185,0.415334873,0.409301193,0.403352986,0.397489103,0.391708412,0.386009793,0.380392139,0.374854357,0.369395366,0.364014099,0.358709502,0.353480532,0.348326162,0.343245373,0.338237162,0.333300538,0.32843452,0.323638142,0.318910448,0.314250493,0.309657348,0.305130091,0.300667813,0.296269619,0.291934621,0.287661946,0.28345073,0.279300121,0.275209276,0.271177366,0.26720357,0.263287078,0.259427092,0.255622823,0.251873492,0.24817833,0.24453658,0.240947493,0.23741033,0.233924362,0.23048887,0.227103143,0.223766481,0.220478193,0.217237597,0.214044019,0.210896795,0.20779527,0.204738797,0.201726738,0.198758465,0.195833356,0.192950798,0.190110187,0.187310926,0.184552429,0.181834114,0.179155409,0.17651575,0.17391458,0.171351349,0.168825516,0.166336546,0.163883912,0.161467094,0.15908558,0.156738863,0.154426445,0.152147834,0.149902545,0.147690099,0.145510025,0.143361857,0.141245136,0.13915941,0.137104233,0.135079164,0.133083769,0.131117622,0.129180299,0.127271385,0.12539047,0.123537149,0.121711023
85,1.009656418,0.990331347,0.970363058,0.949864038,0.929126817,0.908845545,0.88937818,0.870765073,0.852829639,0.835403781,0.818610564,0.802642838,0.787722411,0.773793646,0.760774729,0.748700646,0.737380102,0.726886453,0.717287359,0.708700819,0.701418758,0.695350327,0.690160113,0.685358821,0.680418054,0.674888921,0.668525351,0.661339089,0.653569495,0.645555628,0.637625798,0.630032554,0.622945622,0.616419982,0.610381426,0.60468287,0.599096947,0.593370759,0.587342216,0.580952812,0.574236971,0.567294661,0.560259477,0.553265645,0.546425001,0.539813596,0.53336673,0.527053492,0.520816572,0.514587368,0.50830274,0.501916681,0.495408125,0.488781075,0.482060659,0.475286906,0.468473905,0.461710854,0.455039736,0.44846206,0.441976603,0.435582155,0.429277522,0.42306152,0.416932981,0.410890749,0.404933679,0.399060644,0.393270525,0.387562219,0.381934633,0.376386689,0.370917321,0.365525475,0.360210109,0.354970194,0.349804714,0.344712663,0.339693049,0.334744891,0.32986722,0.325059078,0.320319519,0.31564761,0.311042427,0.30650306,0.302028607,0.29761818,0.2932709,0.288985901,0.284762325,0.280599328,0.276496074,0.272451738,0.268465507,0.264536576,0.260664153,0.256847453,0.253085702,0.249378139,0.245724007,0.242122564,0.238573074,0.235074814,0.231627066,0.228229125,0.224880294,0.221579884,0.218327217,0.215121622,0.211962437,0.208849012,0.2057807,0.202756867,0.199776885,0.196840137,0.19394601,0.191093904,0.188283222,0.18551338,0.182783797,0.180093905,0.177443138,0.174830942,0.172256768,0.169720077,0.167220333,0.164757012,0.162329595,0.159937568,0.157580427,0.155257675,0.15296882,0.150713376,0.148490867,0.14630082,0.144142771,0.142016261,0.139920838,0.137856056,0.135821474,0.13381666,0.131841185,0.129894627,0.127976571,0.126086606,0.124224327
86,1.009008038,0.99097472,0.972310763,0.953000154,0.933295297,0.913916251,0.895373684,0.877944291,0.861540332,0.84597659,0.831314362,0.817588753,0.804845062,0.792831848,0.781328383,0.770282733,0.759465314,0.74900571,0.739073003,0.729909621,0.721941847,0.715224678,0.709559351,0.704564173,0.699744024,0.694593815,0.688705207,0.681876759,0.67415903,0.665820933,0.657227576,0.648737188,0.640641777,0.633161832,0.626418376,0.620319876,0.614600621,0.608983487,0.603239097,0.597221155,0.590877502,0.584240073,0.577399902,0.5704782,0.563596563,0.556856229,0.55032602,0.543935705,0.537654879,0.531430441,0.525201202,0.51891335,0.512530745,0.506041079,0.499454906,0.492800922,0.486119157,0.479427686,0.4728032,0.466267043,0.459818129,0.45345538,0.447177729,0.440984122,0.434873514,0.428844872,0.42289717,0.417029398,0.411240553,0.405529644,0.399895688,0.394337716,0.388854767,0.383445891,0.378110148,0.372846609,0.367654355,0.362532474,0.357480069,0.35249625,0.347580137,0.342730861,0.337947561,0.333229387,0.328575499,0.323985064,0.319457263,0.314991281,0.310586316,0.306241576,0.301956274,0.297729635,0.293560894,0.289449293,0.285394083,0.281394525,0.277449887,0.273559448,0.269722493,0.265938318,0.262206226,0.258525529,0.254895545,0.251315605,0.247785043,0.244303204,0.240869441,0.237483114,0.23414359,0.230850246,0.227602465,0.224399638,0.221241164,0.218126449,0.215054906,0.212025956,0.209039027,0.206093554,0.20318898,0.200324753,0.19750033,0.194715174,0.191968754,0.189260548,0.186590037,0.183956713,0.18136007,0.178799613,0.176274849,0.173785294,0.17133047,0.168909904,0.166523129,0.164169687,0.161849122,0.159560985,0.157304835,0.155080235,0.152886752,0.150723962,0.148591445,0.146488785,0.144415574,0.142371408,0.140355889,0.138368622,0.136409221
87,1.008424255,0.991554708,0.974210128,0.956229165,0.937738072,0.919417607,0.90180626,0.885332223,0.870142109,0.856141365,0.843380085,0.831837943,0.821407452,0.811656564,0.802161779,0.792725799,0.783019001,0.773133405,0.763293904,0.753848207,0.745355728,0.73800466,0.731725343,0.726251094,0.721181292,0.716040999,0.710373955,0.70383767,0.6963002,0.687875475,0.678886706,0.669750892,0.660883773,0.652646607,0.645215069,0.638537237,0.632443078,0.626691798,0.621033246,0.615261137,0.609244479,0.602937101,0.596368293,0.589620207,0.582801877,0.576022542,0.569373099,0.562915333,0.556574131,0.550319855,0.544103804,0.537872248,0.531580573,0.52520217,0.518732955,0.512189323,0.505602672,0.499012077,0.492439865,0.485945042,0.479532486,0.473201245,0.466950377,0.460778949,0.454686035,0.448670719,0.442732093,0.436869255,0.431081316,0.425367392,0.419726609,0.414158099,0.408661006,0.40323448,0.397877679,0.392589771,0.38736993,0.38221734,0.377131193,0.372110688,0.367155034,0.362263445,0.357435147,0.35266937,0.347965356,0.34332235,0.338739609,0.334216397,0.329751984,0.325345649,0.320996679,0.316704368,0.312468018,0.308286937,0.304160442,0.300087859,0.296068517,0.292101755,0.288186921,0.284323367,0.280510453,0.276747547,0.273034024,0.269369264,0.265752658,0.262183599,0.25866149,0.25518574,0.251755765,0.248370987,0.245030835,0.241734744,0.238482157,0.235272522,0.232105293,0.228979932,0.225895907,0.22285269,0.219849762,0.216886607,0.213962719,0.211077596,0.20823074,0.205421661,0.202649875,0.199914904,0.197216273,0.194553516,0.191926171,0.189333781,0.186775896,0.184252071,0.181761864,0.179304842,0.176880575,0.174488639,0.172128615,0.169800088,0.167502651,0.165235898,0.162999431,0.160792856,0.158615783,0.156467829,0.154348613,0.152257761,0.150194901
88,1.007938859,0.992037462,0.975881389,0.959239927,0.942096665,0.925008598,0.908478303,0.892962725,0.878758615,0.866004348,0.854844398,0.845252959,0.837072279,0.829715963,0.822575119,0.815244079,0.807234684,0.798538041,0.789339078,0.780043856,0.771325447,0.763501001,0.756614543,0.750506571,0.744879916,0.739352017,0.733506166,0.726974119,0.719519033,0.711118032,0.701987572,0.692544546,0.683298933,0.674603607,0.666583462,0.659287525,0.652668059,0.646571935,0.640783402,0.635079119,0.629275526,0.623256527,0.616981619,0.610477312,0.603816917,0.597097467,0.590416074,0.58385351,0.577464679,0.571170377,0.564942057,0.558735665,0.552505046,0.546214695,0.539847209,0.533406169,0.526913027,0.520400907,0.51390683,0.507457678,0.50108576,0.494790244,0.488570309,0.482425136,0.476353916,0.470355844,0.464430122,0.458575961,0.452792575,0.447079186,0.441435023,0.435859321,0.430351321,0.424910272,0.419535428,0.41422605,0.408981406,0.40380077,0.398683423,0.393628651,0.388635748,0.383704015,0.378832757,0.374021287,0.369268924,0.364574995,0.35993883,0.355359768,0.350837154,0.346370339,0.341958678,0.337601536,0.333298283,0.329048293,0.324850948,0.320705637,0.316611753,0.312568696,0.308575872,0.304632693,0.300738577,0.296892948,0.293095236,0.289344875,0.285641308,0.281983981,0.278372347,0.274805865,0.271283998,0.267806217,0.264371997,0.260980818,0.257632168,0.254325537,0.251060424,0.24783633,0.244652763,0.241509238,0.238405272,0.235340389,0.232314118,0.229325993,0.226375552,0.223462341,0.220585909,0.217745808,0.2149416,0.212172846,0.209439117,0.206739986,0.20407503,0.201443834,0.198845985,0.196281074,0.1937487,0.191248464,0.188779971,0.186342832,0.183936663,0.181561082,0.179215712,0.176900183,0.174614125,0.172357176,0.170128977,0.167929171,0.165757408
89,1.007527926,0.992446525,0.977265311,0.961814138,0.946008275,0.930264413,0.914966783,0.900538563,0.887305544,0.87555477,0.865663813,0.857705101,0.85152036,0.846473263,0.841798388,0.836901093,0.831073067,0.824144979,0.816197166,0.807596173,0.79908041,0.79106944,0.783711807,0.776941241,0.770560724,0.764296068,0.757839114,0.750890955,0.743233092,0.734796752,0.725730099,0.716413954,0.707207157,0.698314418,0.689912261,0.682110378,0.674951168,0.668391539,0.662295622,0.656472844,0.650726553,0.644895603,0.638878444,0.63263997,0.626203787,0.619634403,0.613017002,0.60643676,0.599964505,0.593648397,0.587406125,0.581210618,0.575022807,0.568804276,0.56252858,0.556187176,0.549790688,0.54336474,0.536943057,0.530559322,0.524239018,0.517990076,0.511811787,0.505703447,0.499664354,0.493693814,0.487791135,0.481955633,0.476186625,0.470483436,0.464845394,0.459271832,0.453762089,0.448315508,0.442931437,0.437609228,0.43234824,0.427147836,0.422007384,0.416926256,0.41190383,0.406939488,0.40203262,0.397182616,0.392388875,0.3876508,0.382967797,0.37833928,0.373764666,0.369243377,0.36477484,0.360358489,0.355993759,0.351680094,0.34741694,0.343203749,0.339039977,0.334925087,0.330858545,0.326839822,0.322868394,0.318943741,0.31506535,0.311232711,0.307445318,0.303702673,0.300004278,0.296349643,0.292738283,0.289169714,0.285643461,0.28215905,0.278716015,0.27531389,0.271952219,0.268630545,0.265348419,0.262105396,0.258901034,0.255734897,0.252606551,0.249515569,0.246461527,0.243444006,0.240462589,0.237516865,0.234606428,0.231730875,0.228889806,0.226082827,0.223309548,0.220569581,0.217862544,0.215188058,0.212545748,0.209935244,0.207356179,0.204808188,0.202290914,0.199804,0.197347095,0.194919849,0.19252192,0.190152966,0.18781265,0.185500639,0.183216602
90,1.007147858,0.992825161,0.978446361,0.963949815,0.949309429,0.93487383,0.920893164,0.907676328,0.895516796,0.884730257,0.875842062,0.869158277,0.864622348,0.861598996,0.85927294,0.856891785,0.853549667,0.84885501,0.842723615,0.835416619,0.827637682,0.819847271,0.812264497,0.804911785,0.797687384,0.79043574,0.782990279,0.775207562,0.76700123,0.758399599,0.749600008,0.740735485,0.731829039,0.723021478,0.714491101,0.706391125,0.69881631,0.691802796,0.685312494,0.679227036,0.673381036,0.667604311,0.661757777,0.655754062,0.649563199,0.643205808,0.636737667,0.630232289,0.623763134,0.617391285,0.61115829,0.60497994,0.598831103,0.592678079,0.586490403,0.580250621,0.573958659,0.56763147,0.561297821,0.55499074,0.548739099,0.542553616,0.53643369,0.530378722,0.524388119,0.518461289,0.512597644,0.506796599,0.501057572,0.495379985,0.489763264,0.484206836,0.478710134,0.473272593,0.467893651,0.462572752,0.457309342,0.452102869,0.446952787,0.441858552,0.436819625,0.43183547,0.426905554,0.422029349,0.417206329,0.412435974,0.407717765,0.40305119,0.398435736,0.393870899,0.389356176,0.384891066,0.380475077,0.376107714,0.371788492,0.367516927,0.363292537,0.359114846,0.354983383,0.350897677,0.346857264,0.342861682,0.338910473,0.335003184,0.331139364,0.327318567,0.323540349,0.319804272,0.3161099,0.312456801,0.308844547,0.305272714,0.301740881,0.29824863,0.294795548,0.291381226,0.288005256,0.284667236,0.281366767,0.278103453,0.274876902,0.271686725,0.268532537,0.265413956,0.262330604,0.259282108,0.256268094,0.253288196,0.250342048,0.24742929,0.244549565,0.241702517,0.238887795,0.236105052,0.233353944,0.230634129,0.227945268,0.225287028,0.222659077,0.220061086,0.21749273,0.214953687,0.212443639,0.209962268,0.207509264,0.205084315,0.202687115
91,1.006756451,0.993215394,0.97955589,0.96582266,0.952094783,0.93877626,0.926054182,0.914108303,0.903121254,0.893376926,0.885428684,0.879729653,0.876457385,0.87507989,0.874784252,0.874769033,0.873965631,0.871783933,0.867913881,0.862450749,0.855996182,0.848928752,0.841465577,0.833695854,0.825625417,0.817237227,0.808547803,0.799638189,0.790677127,0.781943983,0.773489012,0.765089267,0.756637391,0.74815338,0.739757659,0.731602174,0.723817112,0.716482665,0.709629069,0.70322348,0.697165036,0.691313278,0.685524026,0.679679722,0.673706716,0.667579919,0.661316925,0.654964943,0.648586098,0.642242439,0.635985566,0.6298506,0.623752859,0.617669671,0.611573133,0.60544094,0.599264527,0.593051816,0.586825247,0.580615553,0.57445359,0.568352421,0.562311547,0.556330473,0.550408703,0.544545744,0.538741107,0.532994303,0.527304844,0.521672246,0.516096026,0.510575704,0.505110802,0.499700844,0.494345355,0.489043865,0.483795904,0.478601006,0.473458705,0.468368541,0.463330054,0.458342786,0.453406283,0.448520093,0.443683766,0.438896857,0.43415892,0.429469514,0.4248282,0.420234541,0.415688104,0.411188458,0.406735174,0.402327827,0.397965994,0.393649255,0.389377193,0.385149392,0.380965442,0.376824932,0.372727457,0.368672613,0.36466,0.360689218,0.356759875,0.352871576,0.349023932,0.345216557,0.341449067,0.337721081,0.33403222,0.330382109,0.326770376,0.323196649,0.319660564,0.316161754,0.312699859,0.30927452,0.305885381,0.302532089,0.299214293,0.295931647,0.292683805,0.289470426,0.286291169,0.283145699,0.280033681,0.276954786,0.273908683,0.270895048,0.267913558,0.264963892,0.262045733,0.259158766,0.256302679,0.253477162,0.250681908,0.247916612,0.245180974,0.242474694,0.239797475,0.237149023,0.234529048,0.231937259,0.229373372,0.226837101,0.224328167
92,1.006160666,0.993809979,0.98087783,0.96781248,0.954795736,0.94233165,0.930665001,0.919916384,0.910143851,0.901522741,0.89457448,0.889780015,0.887462961,0.887325275,0.88865859,0.890665298,0.892225897,0.892587469,0.891239366,0.888049785,0.883457162,0.877654233,0.870716096,0.862752086,0.853888503,0.844304806,0.834278669,0.824224774,0.814711543,0.805949569,0.79767187,0.78963186,0.781642092,0.773612942,0.765561284,0.757587378,0.749817339,0.74235895,0.735278378,0.728600332,0.722297303,0.716285615,0.710449072,0.704668645,0.698847479,0.692925031,0.686880793,0.680729366,0.674509681,0.668272905,0.662070135,0.655943871,0.649923064,0.643924172,0.637927557,0.631911565,0.62586224,0.619779747,0.613679432,0.60758826,0.601537599,0.595542259,0.589601835,0.583715927,0.577884133,0.572106052,0.566381285,0.560709434,0.5550901,0.549522887,0.544007399,0.538543242,0.533130022,0.527767346,0.522454825,0.517192068,0.511978687,0.506814295,0.501698505,0.496630935,0.491611201,0.486638921,0.481713717,0.47683521,0.472003022,0.46721678,0.46247611,0.45778064,0.453129999,0.448523821,0.443961738,0.439443385,0.434968399,0.43053642,0.426147087,0.421800043,0.417494933,0.413231402,0.409009099,0.404827674,0.400686778,0.396586066,0.392525193,0.388503817,0.384521598,0.380578197,0.376673278,0.372806507,0.368977552,0.365186083,0.36143177,0.357714289,0.354033314,0.350388525,0.3467796,0.343206223,0.339668076,0.336164847,0.332696223,0.329261896,0.325861557,0.3224949,0.319161623,0.315861425,0.312594005,0.309359067,0.306156316,0.302985458,0.299846203,0.296738263,0.293661349,0.290615179,0.287599468,0.284613936,0.281658306,0.2787323,0.275835645,0.272968068,0.270129298,0.267319068,0.264537112,0.261783165,0.259056965,0.256358252,0.253686769,0.251042259,0.248424468
93,1.005589425,0.994380734,0.982573852,0.970182662,0.957781869,0.945972574,0.935100582,0.925345492,0.91670999,0.909248076,0.903373748,0.899536768,0.898087886,0.898873993,0.901420367,0.905035222,0.908602779,0.911319938,0.91251248,0.91184771,0.90953918,0.905472302,0.899447589,0.891507714,0.881926055,0.87118568,0.859997517,0.849322831,0.839657142,0.830820974,0.822605491,0.814789511,0.807171128,0.799598065,0.791997965,0.784384575,0.776838644,0.76946147,0.762339446,0.755525458,0.749039104,0.742858137,0.736915404,0.731117865,0.725370381,0.719595663,0.713745492,0.7078036,0.7017817,0.695710872,0.689631931,0.683585634,0.677605893,0.671715831,0.665834852,0.659946983,0.654037296,0.648100358,0.642144847,0.636192868,0.630274825,0.624406578,0.618587812,0.612818212,0.607097462,0.601425245,0.595801246,0.590225149,0.584696639,0.5792154,0.573781116,0.568393473,0.563052156,0.557756851,0.552507244,0.547303021,0.54214387,0.537029478,0.531959534,0.526933725,0.521951742,0.517013275,0.512118014,0.507265652,0.502455879,0.49768839,0.492962878,0.488279038,0.483636567,0.47903516,0.474474516,0.469954332,0.465474309,0.461034147,0.456633548,0.452272215,0.447949852,0.443666163,0.439420855,0.435213636,0.431044213,0.426912296,0.422817597,0.418759828,0.414738701,0.410753933,0.406805238,0.402892335,0.399014942,0.395172778,0.391365565,0.387593027,0.383854886,0.380150869,0.376480703,0.372844114,0.369240834,0.365670594,0.362133125,0.358628162,0.35515544,0.351714697,0.34830567,0.344928099,0.341581726,0.338266294,0.334981546,0.331727229,0.32850309,0.325308878,0.322144343,0.319009236,0.315903311,0.312826324,0.30977803,0.306758187,0.303766554,0.300802894,0.297866967,0.294958539,0.292077374,0.28922324,0.286395906,0.283595141,0.280820717,0.278072407,0.275349987
94,1.00504113,0.994929176,0.984206515,0.972884699,0.961111862,0.949869425,0.939600892,0.93058678,0.922890311,0.916512627,0.911748039,0.908941179,0.908411723,0.910033086,0.913473846,0.918275884,0.923430282,0.928138451,0.931676487,0.933548502,0.933769431,0.931753837,0.926864799,0.919051575,0.908811714,0.897167056,0.885619825,0.875068088,0.865441532,0.856623035,0.848464201,0.840797197,0.833447138,0.826255968,0.81910529,0.811939154,0.804768272,0.797654952,0.790677174,0.783901322,0.777367947,0.771091982,0.765056225,0.759209043,0.753479034,0.747793289,0.742092656,0.736340284,0.730523779,0.724652134,0.718749136,0.712846009,0.706973934,0.701158874,0.695418548,0.68967734,0.683923651,0.678149792,0.672359019,0.666568257,0.660805602,0.655087219,0.649412871,0.643782319,0.638195325,0.632651648,0.627151047,0.621693283,0.616278113,0.610905296,0.60557459,0.600285751,0.595038538,0.589832707,0.584668014,0.579544217,0.574461071,0.569418333,0.564415758,0.559453104,0.554530126,0.54964658,0.544802222,0.53999681,0.535230099,0.530501846,0.525811808,0.521159743,0.516545407,0.511968558,0.507428954,0.502926354,0.498460517,0.494031201,0.489638167,0.485281173,0.480959982,0.476674353,0.472424049,0.468208831,0.464028462,0.459882706,0.455771327,0.451694088,0.447650756,0.443641096,0.439664875,0.435721859,0.431811818,0.42793452,0.424089734,0.420277231,0.416496781,0.412748158,0.409031133,0.40534548,0.401690974,0.39806739,0.394474503,0.390912093,0.387379935,0.38387781,0.380405497,0.376962776,0.373549431,0.370165242,0.366809995,0.363483473,0.360185462,0.356915749,0.353674122,0.350460369,0.34727428,0.344115645,0.340984256,0.337879907,0.33480239,0.331751501,0.328727035,0.32572879,0.322756563,0.319810154,0.316889363,0.31399399,0.31112384,0.308278714,0.305458417
95,1.004514015,0.995457001,0.985780565,0.975494029,0.964741744,0.954083323,0.944336906,0.935880155,0.928877447,0.923390862,0.919662574,0.917920813,0.918381739,0.920888287,0.925133805,0.930801967,0.937118523,0.943392302,0.948904767,0.953111297,0.955865588,0.955958015,0.952101487,0.944238688,0.933451317,0.921890547,0.911042666,0.900975001,0.891675792,0.883081101,0.875096536,0.867607652,0.86048792,0.85360728,0.846849193,0.840126884,0.833399542,0.826675036,0.819998729,0.813427277,0.80700884,0.800772781,0.794729868,0.788867573,0.783148443,0.777520758,0.771931766,0.766338713,0.760714989,0.755051663,0.749355244,0.74364292,0.737937247,0.732260762,0.726632239,0.721064507,0.715489238,0.709899993,0.704296876,0.698691997,0.693110189,0.687567177,0.68206279,0.676596858,0.671169208,0.665779669,0.660428065,0.655114222,0.649837965,0.644599116,0.639397499,0.634232935,0.629105246,0.624014251,0.61895977,0.613941623,0.608959629,0.604013604,0.599103367,0.594228734,0.589389523,0.584585548,0.579816626,0.575082573,0.570383202,0.56571833,0.561087769,0.556491336,0.551928843,0.547400104,0.542904934,0.538443145,0.534014551,0.529618966,0.525256202,0.520926074,0.516628394,0.512362976,0.508129633,0.503928179,0.499758427,0.495620191,0.491513284,0.487437521,0.483392715,0.479378682,0.475395235,0.471442189,0.46751936,0.463626562,0.459763612,0.455930325,0.452126517,0.448352006,0.444606607,0.440890138,0.437202418,0.433543263,0.429912493,0.426309927,0.422735383,0.419188682,0.415669645,0.412178091,0.408713843,0.405276722,0.40186655,0.398483151,0.395126347,0.391795964,0.388491824,0.385213755,0.381961581,0.378735128,0.375534224,0.372358697,0.369208373,0.366083083,0.362982656,0.359906921,0.35685571,0.353828854,0.350826186,0.347847537,0.344892741,0.341961634,0.339054048
96,1.004007828,0.995964393,0.987296274,0.978010683,0.968248172,0.958560456,0.949354916,0.941377128,0.934888375,0.930050974,0.927166523,0.926413973,0.927895816,0.931353966,0.936450165,0.94289085,0.950043908,0.957452434,0.964506248,0.970666864,0.97574066,0.978274156,0.97673618,0.970900326,0.961785675,0.951570387,0.941786889,0.932536024,0.923849941,0.915710535,0.908067199,0.900850952,0.893980928,0.887369365,0.880927083,0.874574769,0.86825367,0.861936276,0.85562793,0.849359173,0.843168082,0.837086984,0.831135569,0.825321044,0.819634991,0.814052301,0.808538328,0.803057761,0.797581997,0.792093248,0.786585546,0.781063245,0.775537838,0.77002441,0.764538042,0.759091306,0.753692806,0.748283756,0.742863749,0.737441325,0.732037705,0.726667611,0.72133093,0.716027551,0.71075736,0.705520243,0.700316084,0.695144765,0.690006169,0.684900176,0.679826665,0.674785515,0.669776603,0.664799807,0.659855,0.654942058,0.650060855,0.645211263,0.640393154,0.6356064,0.630850871,0.626126436,0.621432964,0.616770325,0.612138384,0.607537009,0.602966067,0.598425423,0.593914943,0.58943449,0.58498393,0.580563125,0.576171939,0.571810235,0.567477876,0.563174722,0.558900636,0.554655479,0.550439111,0.546251395,0.542092189,0.537961353,0.533858749,0.529784235,0.525737671,0.521718916,0.517727829,0.513764269,0.509828096,0.505919167,0.502037341,0.498182477,0.494354434,0.49055307,0.486778243,0.483029812,0.479307635,0.475611571,0.471941479,0.468297217,0.464678643,0.461085617,0.457517997,0.453975643,0.450458413,0.446966167,0.443498764,0.440056063,0.436637925,0.43324421,0.429874777,0.426529487,0.4232082,0.419910778,0.416637081,0.413386971,0.41016031,0.406956959,0.40377678,0.400619636,0.39748539,0.394373905,0.391285044,0.388218671,0.38517465,0.382152846,0.379153123
97,1.003523316,0.99645054,0.988750944,0.980429772,0.971623795,0.962876396,0.954590453,0.947109456,0.941056554,0.93668945,0.934406874,0.934448285,0.936869511,0.941303025,0.947309744,0.954562737,0.962453154,0.970664344,0.978820776,0.986492659,0.993492707,0.998134482,0.998795677,0.995038783,0.987780262,0.97918403,0.970790872,0.962692955,0.954941433,0.947548389,0.940497778,0.933755746,0.927278722,0.921016993,0.91491744,0.908926631,0.902997351,0.897094794,0.891202726,0.88532433,0.879477621,0.873685021,0.867965547,0.862330775,0.856784943,0.85132311,0.84593054,0.840586906,0.835271502,0.829967561,0.824664659,0.8193593,0.814054037,0.808755605,0.80347285,0.798214618,0.792988293,0.787798938,0.782600366,0.777399231,0.772213218,0.767055546,0.761926153,0.756824975,0.751751947,0.746707003,0.741690074,0.736701093,0.731739987,0.726806686,0.721901118,0.717023207,0.71217288,0.707350059,0.702554668,0.697786628,0.69304586,0.688332283,0.683645816,0.678986377,0.674353883,0.669748248,0.665169389,0.660617219,0.65609165,0.651592596,0.647119969,0.642673678,0.638253633,0.633859745,0.629491921,0.625150069,0.620834097,0.61654391,0.612279416,0.608040518,0.603827121,0.59963913,0.595476449,0.591338979,0.587226623,0.583139284,0.579076863,0.57503926,0.571026376,0.567038112,0.563074366,0.559135039,0.555220029,0.551329234,0.547462553,0.543619883,0.539801122,0.536006168,0.532234917,0.528487265,0.524763109,0.521062346,0.517384871,0.51373058,0.510099367,0.50649113,0.502905762,0.499343159,0.495803215,0.492285826,0.488790885,0.485318287,0.481867926,0.478439698,0.475033495,0.471649212,0.468286743,0.464945981,0.461626822,0.458329159,0.455052886,0.451797896,0.448564085,0.445351345,0.44215957,0.438988656,0.435838495,0.432708983,0.429600012,0.426511479,0.423443276
98,1.003061324,0.996914533,0.990141574,0.982745889,0.974860514,0.967020133,0.959622685,0.953008889,0.947407885,0.943432199,0.941571956,0.942163468,0.945324238,0.950644977,0.957578706,0.965696787,0.974358334,0.983267289,0.992187874,1.000924319,1.009396803,1.01578428,1.018088259,1.016171972,1.010680235,1.00372832,0.996835905,0.990064941,0.983454272,0.977024202,0.970777465,0.964704358,0.958787482,0.95300541,0.947334235,0.941748758,0.936223856,0.930737463,0.925273385,0.919824101,0.914391114,0.908982788,0.90360952,0.898280119,0.892999947,0.887770976,0.882590936,0.877453037,0.872347905,0.867265998,0.862199588,0.857143875,0.852097252,0.847060899,0.842037928,0.837032424,0.832048476,0.827089501,0.822157845,0.81722328,0.812300589,0.807401242,0.802525213,0.797672475,0.792843003,0.788036765,0.783253733,0.778493874,0.773757156,0.769043546,0.764353007,0.759685505,0.755041001,0.750419458,0.745820836,0.741245094,0.73669219,0.732162083,0.727654729,0.723170082,0.718708098,0.714268729,0.709851929,0.705457649,0.701085839,0.696736449,0.692409429,0.688104726,0.683822287,0.679562059,0.675323988,0.671108018,0.666914094,0.662742158,0.658592154,0.654464023,0.650357706,0.646273144,0.642210276,0.638169042,0.63414938,0.630151229,0.626174524,0.622219203,0.618285202,0.614372456,0.610480901,0.60661047,0.602761098,0.598932717,0.595125262,0.591338663,0.587572853,0.583827763,0.580103325,0.576399468,0.572716123,0.56905322,0.565410687,0.561788454,0.558186449,0.554604601,0.551042836,0.547501083,0.543979269,0.540477321,0.536995164,0.533532726,0.530089931,0.526666707,0.523262977,0.519878668,0.516513704,0.51316801,0.50984151,0.506534129,0.503245789,0.499976416,0.496725933,0.493494264,0.49028133,0.487087057,0.483911366,0.48075418,0.477615423,0.474495016,0.471392883
99,1.002622614,0.997355539,0.991465396,0.984954,0.977950728,0.970981259,0.964438202,0.958659031,0.953872049,0.950301483,0.948782953,0.949743121,0.953396283,0.959399094,0.967164898,0.976157234,0.985636209,0.995270823,1.00484519,1.014301753,1.023791631,1.031509821,1.035189667,1.034387324,1.030282881,1.024705107,1.019136644,1.013600516,1.008111964,1.002680191,0.997309682,0.992000484,0.986749559,0.981552008,0.976402,0.971293154,0.966218825,0.961172437,0.956148252,0.951142079,0.946151992,0.941178409,0.936223522,0.931290044,0.926380277,0.921495627,0.916636625,0.911802706,0.906992132,0.902202505,0.897431377,0.892676769,0.887937458,0.883213042,0.878503838,0.87381066,0.869134575,0.864476648,0.859837773,0.855218567,0.850608267,0.846016622,0.841443636,0.836889307,0.832353633,0.827836614,0.823338246,0.818858524,0.814397442,0.809954995,0.805531174,0.80112597,0.796739376,0.792371379,0.788021968,0.783691131,0.779378854,0.775085122,0.770809922,0.766553235,0.762315045,0.758095334,0.753894082,0.749711271,0.74554688,0.741400887,0.737273269,0.733164004,0.729073067,0.725000435,0.720946081,0.71690998,0.712892104,0.708892425,0.704910916,0.700947546,0.697002287,0.693075107,0.689165976,0.685274861,0.68140173,0.677546549,0.673709286,0.669889904,0.66608837,0.662304647,0.658538699,0.65479049,0.651059981,0.647347136,0.643651915,0.639974278,0.636314188,0.632671603,0.629046482,0.625438785,0.62184847,0.618275495,0.614719817,0.611181394,0.60766018,0.604156134,0.600669209,0.597199362,0.593746548,0.590310719,0.586891832,0.583489838,0.580104691,0.576736345,0.57338475,0.570049861,0.566731628,0.563430002,0.560144935,0.556876378,0.553624281,0.550388594,0.547169266,0.543966249,0.54077949,0.537608938,0.534454543,0.531316253,0.528194017,0.525087781,0.521997494
100,1.00220738,0.997773306,0.992721361,0.987051915,0.980890783,0.974754397,0.969029698,0.96405047,0.960043731,0.957233031,0.95606777,0.957314273,0.961276412,0.967711251,0.976099575,0.985865594,0.996165684,1.006567165,1.016818699,1.026880908,1.037038841,1.045674901,1.05042711,1.050593411,1.04718383,1.042447517,1.037724396,1.033014521,1.028317944,1.023634718,1.018964891,1.014308514,1.009665634,1.005036297,1.000420549,0.995818435,0.991229997,0.986655278,0.982094319,0.97754716,0.973013838,0.968494393,0.963988861,0.959497277,0.955019675,0.95055609,0.946106553,0.941671096,0.93724975,0.932842543,0.928449503,0.924070659,0.919706036,0.91535566,0.911019554,0.906697743,0.902390249,0.898097093,0.893818295,0.889553876,0.885303853,0.881068246,0.876847069,0.872640341,0.868448074,0.864270284,0.860106984,0.855958187,0.851823903,0.847704144,0.843598919,0.839508238,0.835432109,0.831370539,0.827323535,0.823291102,0.819273246,0.815269972,0.811281281,0.807307179,0.803347665,0.799402742,0.795472409,0.791556668,0.787655516,0.783768953,0.779896975,0.77603958,0.772196764,0.768368523,0.764554851,0.760755743,0.756971193,0.753201193,0.749445735,0.745704812,0.741978414,0.738266532,0.734569156,0.730886274,0.727217877,0.72356395,0.719924483,0.716299462,0.712688873,0.709092702,0.705510935,0.701943556,0.698390549,0.694851898,0.691327586,0.687817596,0.68432191,0.680840509,0.677373375,0.673920488,0.670481828,0.667057375,0.663647109,0.660251008,0.65686905,0.653501214,0.650147476,0.646807815,0.643482206,0.640170625,0.636873049,0.633589453,0.630319812,0.6270641,0.623822292,0.620594362,0.617380282,0.614180027,0.610993568,0.607820879,0.604661931,0.601516696,0.598385145,0.59526725,0.59216298,0.589072308,0.585995202,0.582931632,0.579881569,0.57684498,0.573821836
101,1.001933407,0.99804914,0.993621035,0.988648384,0.983240488,0.977850145,0.972817653,0.968437496,0.964910784,0.962435729,0.961409354,0.962507281,0.965995979,0.971658106,0.979032139,0.987607422,0.996640335,1.005750547,1.014718187,1.023509529,1.032373939,1.040004975,1.044380039,1.044761194,1.041888599,1.03776007,1.033640784,1.029530791,1.02543014,1.021338879,1.017257053,1.01318471,1.009121893,1.005068649,1.00102502,0.996991049,0.992966779,0.988952251,0.984947505,0.980952581,0.976967519,0.972992357,0.969027132,0.965071882,0.961126641,0.957191447,0.953266333,0.949351333,0.945446481,0.941551809,0.93766735,0.933793133,0.92992919,0.92607555,0.922232242,0.918399295,0.914576736,0.910764592,0.90696289,0.903171656,0.899390913,0.895620687,0.891861001,0.888111879,0.884373342,0.880645413,0.876928112,0.87322146,0.869525478,0.865840183,0.862165596,0.858501733,0.854848612,0.851206251,0.847574665,0.84395387,0.840343881,0.836744713,0.833156379,0.829578893,0.826012268,0.822456515,0.818911647,0.815377675,0.811854608,0.808342458,0.804841234,0.801350944,0.797871597,0.794403201,0.790945763,0.78749929,0.784063789,0.780639266,0.777225725,0.773823172,0.77043161,0.767051045,0.763681479,0.760322915,0.756975356,0.753638803,0.750313259,0.746998724,0.743695199,0.740402685,0.73712118,0.733850684,0.730591196,0.727342715,0.724105238,0.720878764,0.717663288,0.714458809,0.711265322,0.708082823,0.704911308,0.701750773,0.698601211,0.695462617,0.692334985,0.689218309,0.686112582,0.683017797,0.679933947,0.676861023,0.673799018,0.670747922,0.667707727,0.664678424,0.661660004,0.658652455,0.655655768,0.652669933,0.649694938,0.646730773,0.643777425,0.640834883,0.637903135,0.634982168,0.63207197,0.629172527,0.626283827,0.623405855,0.620538597,0.61768204,0.614836169
102,1.001667725,0.998316771,0.994494565,0.990199656,0.985525592,0.980863318,0.976507487,0.972713843,0.969657706,0.967512011,0.966622002,0.967574052,0.97059826,0.975503427,0.981885951,0.989300211,0.997100975,1.004959115,1.01268522,1.020250848,1.027870883,1.034432661,1.038265081,1.038717728,1.036320011,1.032775775,1.029237678,1.025705759,1.02218006,1.01866062,1.01514748,1.011640679,1.008140255,1.004646247,1.001158693,0.99767763,0.994203094,0.990735122,0.987273749,0.983819012,0.980370945,0.976929582,0.973494957,0.970067104,0.966646055,0.963231844,0.959824501,0.95642406,0.953030549,0.949644002,0.946264446,0.942891913,0.939526431,0.936168029,0.932816736,0.92947258,0.926135587,0.922805785,0.9194832,0.916167859,0.912859788,0.90955901,0.906265552,0.902979438,0.899700691,0.896429335,0.893165393,0.889908888,0.886659842,0.883418277,0.880184214,0.876957675,0.873738679,0.870527248,0.8673234,0.864127156,0.860938533,0.857757552,0.854584229,0.851418583,0.848260632,0.845110391,0.841967878,0.838833109,0.835706099,0.832586865,0.829475421,0.826371782,0.823275963,0.820187977,0.817107838,0.814035559,0.810971153,0.807914633,0.804866011,0.801825298,0.798792507,0.795767647,0.792750731,0.789741767,0.786740767,0.783747741,0.780762697,0.777785644,0.774816592,0.771855549,0.768902522,0.765957521,0.763020551,0.76009162,0.757170735,0.754257903,0.751353129,0.74845642,0.745567781,0.742687216,0.739814732,0.736950333,0.734094023,0.731245807,0.728405687,0.725573668,0.722749752,0.719933943,0.717126243,0.714326654,0.711535179,0.708751819,0.705976576,0.703209452,0.700450446,0.697699559,0.694956793,0.692222148,0.689495622,0.686777217,0.68406693,0.681364762,0.678670712,0.675984777,0.673306957,0.67063725,0.667975653,0.665322164,0.662676781,0.660039501,0.657410321
103,1.00141154,0.998574971,0.995337867,0.991698342,0.987734999,0.983779014,0.980080643,0.976857696,0.974260006,0.972435487,0.971678529,0.97248825,0.975059593,0.979227802,0.984646955,0.990935869,0.997545477,1.004196404,1.010728553,1.017118377,1.023547605,1.029088185,1.032330133,1.032756171,1.030773139,1.02778677,1.024804189,1.02182543,1.018850522,1.015879498,1.012912388,1.009949223,1.006990034,1.004034849,1.0010837,0.998136615,0.995193625,0.992254756,0.98932004,0.986389503,0.983463174,0.98054108,0.977623249,0.974709709,0.971800487,0.968895608,0.965995099,0.963098988,0.960207298,0.957320057,0.954437288,0.951559019,0.948685272,0.945816072,0.942951445,0.940091413,0.937236001,0.934385231,0.931539128,0.928697713,0.925861009,0.92302904,0.920201826,0.91737939,0.914561753,0.911748936,0.908940961,0.906137849,0.903339619,0.900546292,0.897757889,0.894974428,0.892195929,0.889422412,0.886653895,0.883890398,0.881131939,0.878378535,0.875630205,0.872886967,0.870148838,0.867415836,0.864687976,0.861965277,0.859247755,0.856535425,0.853828305,0.851126409,0.848429753,0.845738353,0.843052224,0.84037138,0.837695837,0.835025607,0.832360707,0.829701149,0.827046947,0.824398115,0.821754666,0.819116613,0.816483969,0.813856746,0.811234956,0.808618613,0.806007726,0.80340231,0.800802374,0.79820793,0.795618989,0.793035562,0.790457659,0.787885291,0.785318469,0.782757201,0.780201498,0.777651369,0.775106824,0.772567872,0.770034521,0.767506781,0.76498466,0.762468166,0.759957308,0.757452093,0.75495253,0.752458625,0.749970386,0.74748782,0.745010935,0.742539736,0.740074231,0.737614426,0.735160327,0.732711941,0.730269272,0.727832327,0.725401112,0.72297563,0.720555889,0.718141892,0.715733644,0.71333115,0.710934415,0.708543442,0.706158236,0.7037788,0.701405139
104,1.001166147,0.998822419,0.996146546,0.99313648,0.98985673,0.986581106,0.983517001,0.980845362,0.978691056,0.97717743,0.976549329,0.977221208,0.979354259,0.982810174,0.987299945,0.992505669,0.997971552,1.003466205,1.00885754,1.014126509,1.019423161,1.023994231,1.026676198,1.027038784,1.025421813,1.022964541,1.020509374,1.018056335,1.015605447,1.01315673,1.010710207,1.008265901,1.005823831,1.003384021,1.000946491,0.998511263,0.996078357,0.993647795,0.991219597,0.988793783,0.986370375,0.983949393,0.981530856,0.979114785,0.976701199,0.974290119,0.971881564,0.969475553,0.967072105,0.964671241,0.962272977,0.959877335,0.957484331,0.955093986,0.952706316,0.950321341,0.947939079,0.945559547,0.943182763,0.940808746,0.938437512,0.936069078,0.933703463,0.931340684,0.928980756,0.926623698,0.924269525,0.921918255,0.919569903,0.917224486,0.91488202,0.912542522,0.910206006,0.907872488,0.905541985,0.903214511,0.900890081,0.898568712,0.896250417,0.893935213,0.891623112,0.889314131,0.887008283,0.884705582,0.882406044,0.880109681,0.877816509,0.875526539,0.873239787,0.870956266,0.868675989,0.866398968,0.864125219,0.861854752,0.859587582,0.85732372,0.85506318,0.852805973,0.850552112,0.84830161,0.846054477,0.843810727,0.841570371,0.83933342,0.837099886,0.834869781,0.832643115,0.8304199,0.828200146,0.825983866,0.823771069,0.821561765,0.819355966,0.817153682,0.814954924,0.8127597,0.810568022,0.808379898,0.80619534,0.804014356,0.801836956,0.799663149,0.797492945,0.795326352,0.793163381,0.791004039,0.788848336,0.786696279,0.784547879,0.782403142,0.780262078,0.778124695,0.775991,0.773861003,0.771734709,0.769612128,0.767493267,0.765378133,0.763266734,0.761159078,0.75905517,0.756955019,0.754858631,0.752766013,0.750677172,0.748592115,0.746510848
105,1.000932918,0.999057714,0.996915932,0.994505594,0.991878009,0.989252366,0.986795027,0.984651447,0.98292227,0.981706979,0.981202587,0.981742133,0.983454661,0.986227997,0.989828683,0.994000323,0.998376772,1.002772527,1.007082054,1.011290404,1.015517567,1.019174574,1.021329053,1.021631609,1.020348236,1.018389213,1.016431177,1.014474143,1.012518125,1.010563136,1.008609191,1.006656304,1.004704488,1.002753756,1.000804124,0.998855604,0.99690821,0.994961955,0.993016853,0.991072916,0.98913016,0.987188595,0.985248237,0.983309097,0.981371189,0.979434525,0.977499119,0.975564984,0.973632131,0.971700575,0.969770326,0.967841399,0.965913804,0.963987556,0.962062666,0.960139146,0.958217008,0.956296265,0.954376929,0.952459012,0.950542525,0.948627481,0.946713891,0.944801767,0.942891121,0.940981964,0.939074308,0.937168165,0.935263545,0.933360459,0.931458921,0.929558939,0.927660526,0.925763693,0.923868451,0.92197481,0.920082781,0.918192376,0.916303604,0.914416477,0.912531006,0.9106472,0.90876507,0.906884626,0.90500588,0.903128841,0.901253519,0.899379924,0.897508067,0.895637958,0.893769606,0.891903021,0.890038213,0.888175193,0.886313969,0.88445455,0.882596948,0.880741171,0.878887228,0.877035129,0.875184883,0.8733365,0.871489988,0.869645357,0.867802616,0.865961773,0.864122837,0.862285818,0.860450724,0.858617564,0.856786346,0.854957079,0.853129771,0.851304432,0.849481068,0.84765969,0.845840304,0.844022919,0.842207544,0.840394186,0.838582853,0.836773553,0.834966294,0.833161085,0.831357932,0.829556843,0.827757826,0.825960889,0.824166039,0.822373283,0.820582629,0.818794085,0.817007657,0.815223352,0.813441179,0.811661143,0.809883252,0.808107513,0.806333933,0.804562519,0.802793277,0.801026214,0.799261336,0.797498652,0.795738166,0.793979885,0.792223816
106,1.000713288,0.999279391,0.997641134,0.995796795,0.993785411,0.991774661,0.98989202,0.988249138,0.986923436,0.985991485,0.985604634,0.986018446,0.987331644,0.989457494,0.992216085,0.995410082,0.998758596,1.002119559,1.005412373,1.008625796,1.01185155,1.014653789,1.016315315,1.016561475,1.015589332,1.014095693,1.012602381,1.011109406,1.009616774,1.008124494,1.006632573,1.005141018,1.003649838,1.00215904,1.000668631,0.999178619,0.997689011,0.996199816,0.99471104,0.99322269,0.991734775,0.990247302,0.988760278,0.98727371,0.985787606,0.984301973,0.982816818,0.981332149,0.979847972,0.978364295,0.976881126,0.97539847,0.973916336,0.972434731,0.97095366,0.969473133,0.967993155,0.966513733,0.965034875,0.963556588,0.962078877,0.960601751,0.959125217,0.95764928,0.956173948,0.954699227,0.953225125,0.951751648,0.950278802,0.948806595,0.947335033,0.945864123,0.944393871,0.942924284,0.941455369,0.939987132,0.938519579,0.937052717,0.935586553,0.934121092,0.932656342,0.931192309,0.929728998,0.928266417,0.926804572,0.925343468,0.923883113,0.922423512,0.920964672,0.919506598,0.918049298,0.916592776,0.915137039,0.913682094,0.912227946,0.910774601,0.909322065,0.907870345,0.906419445,0.904969373,0.903520134,0.902071733,0.900624177,0.899177471,0.897731622,0.896286635,0.894842515,0.893399269,0.891956901,0.890515419,0.889074827,0.88763513,0.886196336,0.884758448,0.883321473,0.881885416,0.880450283,0.879016079,0.877582809,0.876150479,0.874719094,0.873288659,0.871859181,0.870430664,0.869003113,0.867576533,0.866150931,0.864726311,0.863302677,0.861880037,0.860458393,0.859037752,0.857618119,0.856199499,0.854781896,0.853365315,0.851949763,0.850535243,0.84912176,0.847709319,0.846297926,0.844887585,0.8434783,0.842070077,0.840662921,0.839256835,0.837851825
107,1.000508728,0.999485945,0.998317124,0.997000923,0.995565086,0.994129251,0.992784484,0.991610646,0.990663207,0.989997048,0.989720498,0.990016321,0.990954962,0.992474045,0.994444502,0.996724901,0.999114413,1.001511592,1.003859004,1.006148738,1.008446204,1.010442241,1.011647396,1.011841009,1.011156447,1.010093317,1.009030202,1.007967106,1.006904033,1.005840985,1.004777966,1.00371498,1.00265203,1.001589119,1.00052625,0.999463428,0.998400655,0.997337934,0.99627527,0.995212664,0.994150122,0.993087646,0.992025239,0.990962904,0.989900646,0.988838466,0.98777637,0.986714359,0.985652437,0.984590607,0.983528873,0.982467238,0.981405705,0.980344278,0.979282959,0.978221752,0.97716066,0.976099686,0.975038834,0.973978106,0.972917506,0.971857038,0.970796703,0.969736506,0.96867645,0.967616537,0.966556771,0.965497155,0.964437692,0.963378386,0.962319239,0.961260255,0.960201436,0.959142786,0.958084308,0.957026005,0.95596788,0.954909936,0.953852176,0.952794603,0.951737221,0.950680032,0.949623039,0.948566246,0.947509655,0.94645327,0.945397093,0.944341127,0.943285376,0.942229843,0.941174529,0.94011944,0.939064576,0.938009942,0.93695554,0.935901374,0.934847445,0.933793758,0.932740314,0.931687118,0.930634171,0.929581477,0.928529038,0.927476859,0.92642494,0.925373286,0.924321898,0.923270781,0.922219937,0.921169368,0.920119078,0.919069069,0.918019344,0.916969906,0.915920757,0.914871902,0.913823341,0.912775079,0.911727117,0.910679459,0.909632108,0.908585065,0.907538335,0.906491919,0.90544582,0.904400042,0.903354586,0.902309456,0.901264654,0.900220182,0.899176045,0.898132243,0.89708878,0.896045659,0.895002882,0.893960452,0.892918371,0.891876643,0.890835269,0.889794252,0.888753595,0.887713301,0.886673372,0.88563381,0.884594619,0.883555801,0.882517357
108,1.000320715,0.999675865,0.998938843,0.998108757,0.997203064,0.996297206,0.995448647,0.994707823,0.994109798,0.993689271,0.993514681,0.993701438,0.994293962,0.995252737,0.99649611,0.997934662,0.9994416,1.000952928,1.002432459,1.003875247,1.005322532,1.006577802,1.007326123,1.007471253,1.00704936,1.006379888,1.00571035,1.005040745,1.004371076,1.003701344,1.003031549,1.002361693,1.001691776,1.001021799,1.000351764,0.999681672,0.999011524,0.99834132,0.997671062,0.99700075,0.996330387,0.995659972,0.994989507,0.994318992,0.99364843,0.99297782,0.992307165,0.991636464,0.990965719,0.990294931,0.989624101,0.98895323,0.988282319,0.987611369,0.986940381,0.986269356,0.985598295,0.984927198,0.984256068,0.983584905,0.98291371,0.982242484,0.981571228,0.980899943,0.98022863,0.979557291,0.978885925,0.978214534,0.977543119,0.976871681,0.976200222,0.975528741,0.97485724,0.97418572,0.973514182,0.972842628,0.972171057,0.971499471,0.970827871,0.970156257,0.969484632,0.968812996,0.968141349,0.967469693,0.966798029,0.966126358,0.965454681,0.964782998,0.964111311,0.96343962,0.962767928,0.962096233,0.961424539,0.960752845,0.960081152,0.959409462,0.958737776,0.958066093,0.957394417,0.956722746,0.956051083,0.955379428,0.954707782,0.954036146,0.953364522,0.952692909,0.95202131,0.951349724,0.950678153,0.950006599,0.949335061,0.94866354,0.947992039,0.947320557,0.946649095,0.945977656,0.945306238,0.944634844,0.943963475,0.94329213,0.942620812,0.941949521,0.941278258,0.940607024,0.93993582,0.939264647,0.938593506,0.937922397,0.937251322,0.936580282,0.935909277,0.935238308,0.934567377,0.933896484,0.93322563,0.932554817,0.931884044,0.931213313,0.930542625,0.929871981,0.929201381,0.928530827,0.92786032,0.927189859,0.926519447,0.925849085,0.925178772
109,1.000150689,0.999847678,0.999501347,0.999111276,0.998685662,0.998259956,0.997861164,0.997512992,0.997231924,0.997034274,0.996952215,0.997039993,0.997318481,0.997769091,0.998353432,0.999029464,0.999737597,1.000447757,1.001142948,1.001820849,1.002500842,1.003083716,1.003421519,1.003473897,1.003288575,1.002974039,1.002659467,1.002344862,1.002030222,1.001715549,1.001400841,1.0010861,1.000771325,1.000456516,1.000141675,0.999826799,0.999511891,0.99919695,0.998881976,0.998566969,0.99825193,0.997936858,0.997621754,0.997306618,0.99699145,0.996676249,0.996361017,0.996045753,0.995730458,0.995415131,0.995099773,0.994784384,0.994468963,0.994153512,0.99383803,0.993522517,0.993206974,0.992891401,0.992575797,0.992260163,0.991944499,0.991628805,0.991313081,0.990997328,0.990681545,0.990365733,0.990049892,0.989734021,0.989418122,0.989102194,0.988786237,0.988470251,0.988154237,0.987838195,0.987522124,0.987206025,0.986889899,0.986573744,0.986257562,0.985941352,0.985625115,0.985308851,0.984992559,0.98467624,0.984359895,0.984043522,0.983727123,0.983410697,0.983094245,0.982777767,0.982461262,0.982144732,0.981828175,0.981511593,0.981194985,0.980878351,0.980561692,0.980245008,0.979928299,0.979611565,0.979294805,0.978978021,0.978661213,0.97834438,0.978027522,0.97771064,0.977393735,0.977076805,0.976759851,0.976442873,0.976125872,0.975808848,0.975491799,0.975174728,0.974857634,0.974540516,0.974223376,0.973906213,0.973589028,0.97327182,0.972954589,0.972637336,0.972320062,0.972002765,0.971685446,0.971368106,0.971050744,0.97073336,0.970415956,0.97009853,0.969781082,0.969463614,0.969146125,0.968828616,0.968511085,0.968193535,0.967875963,0.967558372,0.967240761,0.966923129,0.966605478,0.966287807,0.965970116,0.965652406,0.965334677,0.965016928,0.96469916
110,1,1,1,1,1,1,1,1,1,1,1,1,1,1,1,1,1,1,1,1,1,1,1,1,1,1,1,1,1,1,1,1,1,1,1,1,1,1,1,1,1,1,1,1,1,1,1,1,1,1,1,1,1,1,1,1,1,1,1,1,1,1,1,1,1,1,1,1,1,1,1,1,1,1,1,1,1,1,1,1,1,1,1,1,1,1,1,1,1,1,1,1,1,1,1,1,1,1,1,1,1,1,1,1,1,1,1,1,1,1,1,1,1,1,1,1,1,1,1,1,1,1,1,1,1,1,1,1,1,1,1,1,1,1,1,1,1,1,1,1,1,1,1,1,1,1,1
111,1,1,1,1,1,1,1,1,1,1,1,1,1,1,1,1,1,1,1,1,1,1,1,1,1,1,1,1,1,1,1,1,1,1,1,1,1,1,1,1,1,1,1,1,1,1,1,1,1,1,1,1,1,1,1,1,1,1,1,1,1,1,1,1,1,1,1,1,1,1,1,1,1,1,1,1,1,1,1,1,1,1,1,1,1,1,1,1,1,1,1,1,1,1,1,1,1,1,1,1,1,1,1,1,1,1,1,1,1,1,1,1,1,1,1,1,1,1,1,1,1,1,1,1,1,1,1,1,1,1,1,1,1,1,1,1,1,1,1,1,1,1,1,1,1,1,1
112,1,1,1,1,1,1,1,1,1,1,1,1,1,1,1,1,1,1,1,1,1,1,1,1,1,1,1,1,1,1,1,1,1,1,1,1,1,1,1,1,1,1,1,1,1,1,1,1,1,1,1,1,1,1,1,1,1,1,1,1,1,1,1,1,1,1,1,1,1,1,1,1,1,1,1,1,1,1,1,1,1,1,1,1,1,1,1,1,1,1,1,1,1,1,1,1,1,1,1,1,1,1,1,1,1,1,1,1,1,1,1,1,1,1,1,1,1,1,1,1,1,1,1,1,1,1,1,1,1,1,1,1,1,1,1,1,1,1,1,1,1,1,1,1,1,1,1
113,1,1,1,1,1,1,1,1,1,1,1,1,1,1,1,1,1,1,1,1,1,1,1,1,1,1,1,1,1,1,1,1,1,1,1,1,1,1,1,1,1,1,1,1,1,1,1,1,1,1,1,1,1,1,1,1,1,1,1,1,1,1,1,1,1,1,1,1,1,1,1,1,1,1,1,1,1,1,1,1,1,1,1,1,1,1,1,1,1,1,1,1,1,1,1,1,1,1,1,1,1,1,1,1,1,1,1,1,1,1,1,1,1,1,1,1,1,1,1,1,1,1,1,1,1,1,1,1,1,1,1,1,1,1,1,1,1,1,1,1,1,1,1,1,1,1,1
114,1,1,1,1,1,1,1,1,1,1,1,1,1,1,1,1,1,1,1,1,1,1,1,1,1,1,1,1,1,1,1,1,1,1,1,1,1,1,1,1,1,1,1,1,1,1,1,1,1,1,1,1,1,1,1,1,1,1,1,1,1,1,1,1,1,1,1,1,1,1,1,1,1,1,1,1,1,1,1,1,1,1,1,1,1,1,1,1,1,1,1,1,1,1,1,1,1,1,1,1,1,1,1,1,1,1,1,1,1,1,1,1,1,1,1,1,1,1,1,1,1,1,1,1,1,1,1,1,1,1,1,1,1,1,1,1,1,1,1,1,1,1,1,1,1,1,1
115,1,1,1,1,1,1,1,1,1,1,1,1,1,1,1,1,1,1,1,1,1,1,1,1,1,1,1,1,1,1,1,1,1,1,1,1,1,1,1,1,1,1,1,1,1,1,1,1,1,1,1,1,1,1,1,1,1,1,1,1,1,1,1,1,1,1,1,1,1,1,1,1,1,1,1,1,1,1,1,1,1,1,1,1,1,1,1,1,1,1,1,1,1,1,1,1,1,1,1,1,1,1,1,1,1,1,1,1,1,1,1,1,1,1,1,1,1,1,1,1,1,1,1,1,1,1,1,1,1,1,1,1,1,1,1,1,1,1,1,1,1,1,1,1,1,1,1
116,1,1,1,1,1,1,1,1,1,1,1,1,1,1,1,1,1,1,1,1,1,1,1,1,1,1,1,1,1,1,1,1,1,1,1,1,1,1,1,1,1,1,1,1,1,1,1,1,1,1,1,1,1,1,1,1,1,1,1,1,1,1,1,1,1,1,1,1,1,1,1,1,1,1,1,1,1,1,1,1,1,1,1,1,1,1,1,1,1,1,1,1,1,1,1,1,1,1,1,1,1,1,1,1,1,1,1,1,1,1,1,1,1,1,1,1,1,1,1,1,1,1,1,1,1,1,1,1,1,1,1,1,1,1,1,1,1,1,1,1,1,1,1,1,1,1,1
117,1,1,1,1,1,1,1,1,1,1,1,1,1,1,1,1,1,1,1,1,1,1,1,1,1,1,1,1,1,1,1,1,1,1,1,1,1,1,1,1,1,1,1,1,1,1,1,1,1,1,1,1,1,1,1,1,1,1,1,1,1,1,1,1,1,1,1,1,1,1,1,1,1,1,1,1,1,1,1,1,1,1,1,1,1,1,1,1,1,1,1,1,1,1,1,1,1,1,1,1,1,1,1,1,1,1,1,1,1,1,1,1,1,1,1,1,1,1,1,1,1,1,1,1,1,1,1,1,1,1,1,1,1,1,1,1,1,1,1,1,1,1,1,1,1,1,1
118,1,1,1,1,1,1,1,1,1,1,1,1,1,1,1,1,1,1,1,1,1,1,1,1,1,1,1,1,1,1,1,1,1,1,1,1,1,1,1,1,1,1,1,1,1,1,1,1,1,1,1,1,1,1,1,1,1,1,1,1,1,1,1,1,1,1,1,1,1,1,1,1,1,1,1,1,1,1,1,1,1,1,1,1,1,1,1,1,1,1,1,1,1,1,1,1,1,1,1,1,1,1,1,1,1,1,1,1,1,1,1,1,1,1,1,1,1,1,1,1,1,1,1,1,1,1,1,1,1,1,1,1,1,1,1,1,1,1,1,1,1,1,1,1,1,1,1
119,1,1,1,1,1,1,1,1,1,1,1,1,1,1,1,1,1,1,1,1,1,1,1,1,1,1,1,1,1,1,1,1,1,1,1,1,1,1,1,1,1,1,1,1,1,1,1,1,1,1,1,1,1,1,1,1,1,1,1,1,1,1,1,1,1,1,1,1,1,1,1,1,1,1,1,1,1,1,1,1,1,1,1,1,1,1,1,1,1,1,1,1,1,1,1,1,1,1,1,1,1,1,1,1,1,1,1,1,1,1,1,1,1,1,1,1,1,1,1,1,1,1,1,1,1,1,1,1,1,1,1,1,1,1,1,1,1,1,1,1,1,1,1,1,1,1,1
120,1,1,1,1,1,1,1,1,1,1,1,1,1,1,1,1,1,1,1,1,1,1,1,1,1,1,1,1,1,1,1,1,1,1,1,1,1,1,1,1,1,1,1,1,1,1,1,1,1,1,1,1,1,1,1,1,1,1,1,1,1,1,1,1,1,1,1,1,1,1,1,1,1,1,1,1,1,1,1,1,1,1,1,1,1,1,1,1,1,1,1,1,1,1,1,1,1,1,1,1,1,1,1,1,1,1,1,1,1,1,1,1,1,1,1,1,1,1,1,1,1,1,1,1,1,1,1,1,1,1,1,1,1,1,1,1,1,1,1,1,1,1,1,1,1,1,1
